64,-0.018057003617286682
128,0.015261173248291016
192,-0.002761855721473694
256,-0.13787344098091125
320,-0.07469186186790466
384,0.11228962987661362
448,0.11303339898586273
512,0.1153595894575119
576,0.31512826681137085
640,0.3019961714744568
704,0.0033338963985443115
768,0.13050249218940735
832,-0.06271296739578247
896,0.12250339984893799
960,-0.1502622663974762
1024,-0.24150657653808594
1088,-0.16233015060424805
1152,0.1898084431886673
1216,0.150314062833786
1280,-0.009828165173530579
1344,-0.10084673762321472
1408,0.22985385358333588
1472,-0.38762933015823364
1536,-0.043286100029945374
1600,0.09394730627536774
1664,0.0905158519744873
1728,0.1547149121761322
1792,-0.004884779453277588
1856,0.17248079180717468
1920,-0.04057145118713379
1984,0.2579377591609955
2048,-0.04371633008122444
2112,-0.08904402703046799
2176,0.2597454786300659
2240,0.17872892320156097
2304,-0.06793877482414246
2368,-0.1335829198360443
2432,0.007601305842399597
2496,-0.23233306407928467
2560,0.15743762254714966
2624,0.06169137358665466
2688,-0.1331859827041626
2752,-0.27407920360565186
2816,0.06602673977613449
2880,0.10046397149562836
2944,-0.07481580972671509
3008,-0.07859563827514648
3072,-0.10684885084629059
3136,0.07486031949520111
3200,-0.11264258623123169
3264,0.34634891152381897
3328,-0.09512887895107269
3392,0.15303295850753784
3456,-0.37086260318756104
3520,0.08037504553794861
3584,0.13634011149406433
3648,0.10855061560869217
3712,0.16539931297302246
3776,-0.09932491183280945
3840,-0.1994101107120514
3904,0.10944206267595291
3968,0.054157547652721405
4032,0.05916571617126465
4096,-0.20748302340507507
4160,0.053044527769088745
4224,0.17401571571826935
4288,0.10510459542274475
4352,0.005972474813461304
4416,-0.10141520202159882
4480,-0.34223175048828125
4544,-0.26074331998825073
4608,-0.044398754835128784
4672,0.11259745061397552
4736,0.10923921316862106
4800,0.04629596322774887
4864,-0.0406709760427475
4928,-0.0541958212852478
4992,-0.3128144145011902
5056,0.039364781230688095
5120,0.3985975980758667
5184,-0.09329922497272491
5248,0.37830251455307007
5312,0.07289434224367142
5376,0.1856127232313156
5440,-0.055093638598918915
5504,-0.08929818868637085
5568,0.005329430103302002
5632,-0.09048346430063248
5696,0.4721783399581909
5760,0.009160593152046204
5824,-0.25889286398887634
5888,0.2523300349712372
5952,-0.18577036261558533
6016,-0.0026459693908691406
6080,0.13715717196464539
6144,0.0003356039524078369
6208,0.401897132396698
6272,0.2153826802968979
6336,0.03946685791015625
6400,-0.1042805016040802
6464,-0.18824484944343567
6528,-0.4579559862613678
6592,0.05581304430961609
6656,-0.3048967719078064
6720,0.17351171374320984
6784,-0.15863971412181854
6848,0.31046003103256226
6912,0.042800113558769226
6976,0.05766083300113678
7040,0.10153046250343323
7104,0.049814313650131226
7168,0.20883607864379883
7232,-0.10540771484375
7296,0.37254294753074646
7360,0.26327067613601685
7424,-0.08475691080093384
7488,0.11645869165658951
7552,-0.10984021425247192
7616,0.37454062700271606
7680,0.08600185066461563
7744,0.47134914994239807
7808,-0.3086039125919342
7872,-0.27749496698379517
7936,-0.17966397106647491
8000,-0.053265661001205444
8064,-0.05408197641372681
8128,0.14035461843013763
8192,0.3313925862312317
8256,0.2801515460014343
8320,-0.10822734236717224
8384,-0.009052649140357971
8448,-0.2894589602947235
8512,-0.04372025281190872
8576,0.052822306752204895
8640,-0.14911334216594696
8704,0.006889112293720245
8768,0.02675633132457733
8832,-0.14932355284690857
8896,-0.020448826253414154
8960,-0.12876096367835999
9024,0.15426470339298248
9088,-0.11572043597698212
9152,-0.4596952497959137
9216,-0.36878639459609985
9280,-0.03396324813365936
9344,-0.04809562861919403
9408,0.12961772084236145
9472,0.16732275485992432
9536,0.33292707800865173
9600,0.03895774483680725
9664,-0.4895173907279968
9728,0.21096253395080566
9792,-0.14511138200759888
9856,0.3082716166973114
9920,0.29773133993148804
9984,-0.16074684262275696
10048,-0.15509706735610962
10112,-0.11200560629367828
10176,0.029798835515975952
10240,0.0249607115983963
10304,-0.02170272171497345
10368,-0.2545333802700043
10432,-0.2101757526397705
10496,-0.04814625531435013
10560,0.07278361916542053
10624,0.18427589535713196
10688,0.11656653881072998
10752,0.15920069813728333
10816,0.3845534026622772
10880,0.14115986227989197
10944,0.40468454360961914
11008,-0.24181988835334778
11072,0.03442910313606262
11136,0.7464158535003662
11200,-0.38225221633911133
11264,-0.11990346014499664
11328,-0.14849603176116943
11392,-0.30855226516723633
11456,0.15022012591362
11520,-0.011982642114162445
11584,0.1794762909412384
11648,0.06587278842926025
11712,-0.2672710418701172
11776,0.1605527400970459
11840,0.24506229162216187
11904,-0.2770601511001587
11968,0.06344226002693176
12032,0.20691362023353577
12096,-0.17362868785858154
12160,0.12795527279376984
12224,-0.19772890210151672
12288,0.15666063129901886
12352,0.12127658724784851
12416,0.2878660559654236
12480,-0.0009684115648269653
12544,0.16463319957256317
12608,-0.17907124757766724
12672,0.4571188688278198
12736,0.23877975344657898
12800,0.04463911056518555
12864,-0.14385080337524414
12928,-0.19216397404670715
12992,0.10943860560655594
13056,-0.1834583282470703
13120,0.04421718418598175
13184,-0.03947726637125015
13248,-0.19709289073944092
13312,-0.2055809199810028
13376,-0.06509627401828766
13440,-0.10999869555234909
13504,0.37692445516586304
13568,0.06958617269992828
13632,-0.36006128787994385
13696,0.17320865392684937
13760,0.3665444254875183
13824,-0.09901063144207001
13888,-0.14671871066093445
13952,-0.5550903677940369
14016,0.23448194563388824
14080,0.003995150327682495
14144,-0.22342099249362946
14208,0.10198570787906647
14272,-0.038070615381002426
14336,-0.039761316031217575
14400,-0.24691900610923767
14464,-0.07085397839546204
14528,0.1595962792634964
14592,-0.1135062575340271
14656,0.27859124541282654
14720,-0.3606523871421814
14784,-0.027812525629997253
14848,0.20908990502357483
14912,0.009447243064641953
14976,0.18286660313606262
15040,0.12357115000486374
15104,-0.1584622859954834
15168,-0.4611644148826599
15232,-0.33556312322616577
15296,-0.10137708485126495
15360,-0.285412460565567
15424,-0.10384822636842728
15488,0.05088797211647034
15552,-0.19687019288539886
15616,-0.020640820264816284
15680,-0.16283828020095825
15744,0.2136625051498413
15808,0.07583504915237427
15872,-0.12918555736541748
15936,-0.2555481791496277
16000,0.28282785415649414
16064,0.4395257532596588
16128,0.17264151573181152
16192,0.034796006977558136
16256,-0.3711303770542145
16320,0.03976236283779144
16384,-0.26320114731788635
16448,-0.6145097613334656
16512,-0.23575681447982788
16576,0.28964483737945557
16640,-0.06065475940704346
16704,-0.6944333910942078
16768,-0.0702163353562355
16832,0.930545449256897
16896,-0.09754395484924316
16960,0.031042948365211487
17024,-0.566340446472168
17088,0.1624317169189453
17152,0.07181204110383987
17216,0.023814797401428223
17280,0.1466495841741562
17344,0.36639875173568726
17408,0.10959167778491974
17472,-0.13522040843963623
17536,0.18072935938835144
17600,-0.23835405707359314
17664,0.14325527846813202
17728,0.16964060068130493
17792,-0.22645753622055054
17856,0.18683859705924988
17920,0.05872282385826111
17984,0.14361339807510376
18048,-0.06255881488323212
18112,0.3504883646965027
18176,0.17931096255779266
18240,0.19748905301094055
18304,0.4017663598060608
18368,-0.14552950859069824
18432,-0.16978669166564941
18496,0.05564334988594055
18560,0.22032567858695984
18624,0.15342362225055695
18688,-0.29719722270965576
18752,0.0018046945333480835
18816,0.13663479685783386
18880,-0.23983198404312134
18944,-0.3622385263442993
19008,0.2675149440765381
19072,-0.2328922003507614
19136,-0.34493663907051086
19200,0.12772910296916962
19264,-0.19722309708595276
19328,-0.07975694537162781
19392,-0.03665974736213684
19456,0.24180090427398682
19520,0.2829451560974121
19584,-0.013410195708274841
19648,0.05799994617700577
19712,-0.195225328207016
19776,0.2539826035499573
19840,0.06395494937896729
19904,-0.07866968959569931
19968,-0.20822098851203918
20032,0.014140777289867401
20096,0.23816798627376556
20160,-0.4295879006385803
20224,-0.052541583776474
20288,-0.006166398525238037
20352,0.3800294101238251
20416,-0.08211493492126465
20480,0.1258944869041443
20544,-0.41966158151626587
20608,0.46719658374786377
20672,0.07167762517929077
20736,0.24565044045448303
20800,-0.09665296971797943
20864,-0.20806913077831268
20928,-0.13046930730342865
20992,0.26480889320373535
21056,-0.14349447190761566
21120,-0.08564767241477966
21184,0.0935903936624527
21248,-0.015310525894165039
21312,0.1894001066684723
21376,0.03566494211554527
21440,-0.1656983345746994
21504,0.010137930512428284
21568,0.23967106640338898
21632,0.032608337700366974
21696,-0.1723315566778183
21760,0.5863733291625977
21824,-0.36977407336235046
21888,-0.12368322908878326
21952,-0.4392836093902588
22016,-0.30182087421417236
22080,0.02781204879283905
22144,0.07704418897628784
22208,0.16010898351669312
22272,-0.17647039890289307
22336,-0.0547286793589592
22400,0.5614120960235596
22464,-0.4341735243797302
22528,0.14378581941127777
22592,0.39610862731933594
22656,-0.14316140115261078
22720,0.4299541115760803
22784,0.32612329721450806
22848,-0.05746088922023773
22912,0.07553534209728241
22976,0.3094330132007599
23040,0.04605966806411743
23104,0.16914775967597961
23168,-0.08409953117370605
23232,-0.16648247838020325
23296,-0.27554577589035034
23360,0.6508462429046631
23424,-0.20567087829113007
23488,-0.06159117817878723
23552,-0.06894634664058685
23616,0.018776215612888336
23680,0.022359617054462433
23744,-0.4554651379585266
23808,0.22485142946243286
23872,-0.07025895267724991
23936,0.2650817930698395
24000,-0.1404605209827423
24064,0.33800286054611206
24128,-0.06690368056297302
24192,0.01885674148797989
24256,-0.5516886711120605
24320,-0.14503729343414307
24384,0.10938934981822968
24448,-0.5522717833518982
24512,-0.1679173707962036
24576,-0.31954026222229004
24640,0.332696795463562
24704,0.4059814214706421
24768,0.6646555066108704
24832,-0.47336626052856445
24896,-0.6213507652282715
24960,0.07229917496442795
25024,0.23702971637248993
25088,0.17474088072776794
25152,0.14163900911808014
25216,-0.3561229109764099
25280,0.05509363114833832
25344,0.025357790291309357
25408,-0.22458484768867493
25472,0.4601755440235138
25536,-0.37608274817466736
25600,-0.3918357491493225
25664,0.18638479709625244
25728,0.009274695068597794
25792,0.06633371114730835
25856,-0.4687468707561493
25920,-0.040077149868011475
25984,0.06033281981945038
26048,-0.07964826375246048
26112,0.5249793529510498
26176,-0.06815889477729797
26240,-0.5874369144439697
26304,-0.061755865812301636
26368,0.2381083220243454
26432,0.2816730737686157
26496,0.4965420365333557
26560,-0.5771237015724182
26624,-0.17471954226493835
26688,0.1002202108502388
26752,0.7550492286682129
26816,0.21322520077228546
26880,-0.22928307950496674
26944,-0.6358584761619568
27008,0.3515256643295288
27072,0.08765479922294617
27136,-0.10943803191184998
27200,0.036369264125823975
27264,0.2908851206302643
27328,0.227548286318779
27392,0.6983284950256348
27456,0.35751834511756897
27520,-0.2584832012653351
27584,0.2253124713897705
27648,-0.47593259811401367
27712,-0.18329833447933197
27776,0.09577801823616028
27840,0.6173113584518433
27904,-0.4266970157623291
27968,0.27936893701553345
28032,0.2194722592830658
28096,-0.19177651405334473
28160,-0.17767484486103058
28224,-0.3368174433708191
28288,0.46805959939956665
28352,0.054042696952819824
28416,-0.14397037029266357
28480,0.3547341525554657
28544,-0.12464660406112671
28608,0.14395423233509064
28672,0.3861955404281616
28736,0.17129215598106384
28800,0.09814871847629547
28864,-0.3624781370162964
28928,-0.32316088676452637
28992,0.1385415494441986
29056,-0.4402148127555847
29120,-0.331153929233551
29184,0.552300214767456
29248,0.2870944142341614
29312,0.2872944176197052
29376,-0.10656488686800003
29440,-0.09292665868997574
29504,-0.0141163170337677
29568,-0.5216521620750427
29632,-0.8896729946136475
29696,-0.11754366755485535
29760,-0.39566200971603394
29824,-0.5317671298980713
29888,-0.1458762139081955
29952,0.3507847189903259
30016,-0.47753429412841797
30080,-0.2978935241699219
30144,-0.022527508437633514
30208,0.2006012499332428
30272,0.5758169293403625
30336,0.20392060279846191
30400,-0.7262005805969238
30464,0.5322898626327515
30528,-0.7643635272979736
30592,0.010785683989524841
30656,0.3502279818058014
30720,0.33246681094169617
30784,-0.5213959813117981
30848,-0.07921484857797623
30912,-0.6062192320823669
30976,0.2287522554397583
31040,-0.013834964483976364
31104,-0.2667870819568634
31168,0.18156084418296814
31232,0.49882394075393677
31296,0.05145399272441864
31360,0.8180030584335327
31424,-0.29965299367904663
31488,-0.33128565549850464
31552,0.2338632047176361
31616,0.16866661608219147
31680,-0.038056209683418274
31744,-0.23858271539211273
31808,0.0258340947329998
31872,0.15526816248893738
31936,0.17165926098823547
32000,-0.24258321523666382
32064,-0.0984640121459961
32128,0.5410519242286682
32192,0.3340150713920593
32256,0.6018565893173218
32320,0.17129173874855042
32384,-0.2580377161502838
32448,-0.06374277919530869
32512,-0.03766283392906189
32576,0.23069383203983307
32640,-0.45607537031173706
32704,-0.3285396099090576
32768,-0.4671902358531952
32832,-0.3041176199913025
32896,0.13566043972969055
32960,-0.3706800639629364
33024,-0.2572675943374634
33088,0.3833220899105072
33152,0.0375058650970459
33216,0.5486897826194763
33280,0.5186081528663635
33344,-0.12400053441524506
33408,0.2518727779388428
33472,-0.33618247509002686
33536,-0.3089810311794281
33600,0.4197251796722412
33664,0.34625399112701416
33728,-0.14230585098266602
33792,0.3470889627933502
33856,0.15363359451293945
33920,-0.0923030823469162
33984,-0.2120991051197052
34048,-0.0721881315112114
34112,-0.09010803699493408
34176,-0.5536096692085266
34240,-0.8097100257873535
34304,-0.20506049692630768
34368,0.21817845106124878
34432,-0.15700864791870117
34496,0.09015341848134995
34560,-0.3631085455417633
34624,0.2831631898880005
34688,-0.21029657125473022
34752,-0.6489951610565186
34816,0.061050429940223694
34880,-0.03880241513252258
34944,-0.043831244111061096
35008,-0.9308801293373108
35072,-0.37326717376708984
35136,-0.020655617117881775
35200,0.5222612619400024
35264,-0.09189444780349731
35328,-0.5291116237640381
35392,0.33511024713516235
35456,0.217743918299675
35520,-0.17693254351615906
35584,0.16935741901397705
35648,-0.3382587432861328
35712,-0.7214242219924927
35776,0.05729035288095474
35840,-0.5428929328918457
35904,0.4631604552268982
35968,0.640927791595459
36032,0.07580062747001648
36096,0.27481669187545776
36160,0.3490530848503113
36224,0.3242717683315277
36288,-0.4858001172542572
36352,-0.12974587082862854
36416,-0.2543821334838867
36480,0.3703180253505707
36544,-0.4845404028892517
36608,-0.36911049485206604
36672,0.38173818588256836
36736,-0.46409663558006287
36800,-0.18398842215538025
36864,0.17705222964286804
36928,-0.4241500794887543
36992,-0.3702675700187683
37056,0.6302667856216431
37120,-0.2851213216781616
37184,0.33353057503700256
37248,0.421248197555542
37312,-0.28983408212661743
37376,-0.03691796585917473
37440,0.10147034376859665
37504,-0.8192270398139954
37568,0.32106220722198486
37632,0.003624536097049713
37696,-0.4852182865142822
37760,0.2857816815376282
37824,0.06054610013961792
37888,-0.06696831434965134
37952,-1.1639564037322998
38016,-0.6723175048828125
38080,-0.8643855452537537
38144,0.8128229975700378
38208,0.165813148021698
38272,-0.25722721219062805
38336,0.6485811471939087
38400,-0.5574640035629272
38464,-0.13720864057540894
38528,-0.4475085437297821
38592,0.335745245218277
38656,0.22060027718544006
38720,-0.22645090520381927
38784,0.03937214985489845
38848,0.3729718029499054
38912,0.35934215784072876
38976,0.13757893443107605
39040,-0.26262062788009644
39104,-0.331245481967926
39168,-0.25195130705833435
39232,-0.7172753810882568
39296,-0.4519638121128082
39360,0.21544088423252106
39424,-0.6107571125030518
39488,0.13002891838550568
39552,-0.2166340947151184
39616,-0.14541113376617432
39680,-0.6334404945373535
39744,0.09105093032121658
39808,-0.4361586570739746
39872,0.2725353240966797
39936,0.2448342889547348
40000,-1.0674418210983276
40064,-0.3417184054851532
40128,-0.6503047943115234
40192,-0.049702730029821396
40256,-0.3948763906955719
40320,-0.476364403963089
40384,-0.7982437610626221
40448,0.1833435446023941
40512,-0.27490878105163574
40576,-0.23638251423835754
40640,-0.07129190862178802
40704,-1.1216907501220703
40768,-0.501453161239624
40832,-0.431244820356369
40896,0.15714028477668762
40960,0.11301560699939728
41024,-0.7211034297943115
41088,-0.678754985332489
41152,-0.21558773517608643
41216,-0.7336808443069458
41280,0.08863267302513123
41344,-1.0355198383331299
41408,-0.11685898154973984
41472,0.4855153560638428
41536,-0.9162890315055847
41600,-0.12705551087856293
41664,-0.14464913308620453
41728,-0.891670823097229
41792,-0.38256385922431946
41856,-0.36030125617980957
41920,0.17675599455833435
41984,0.016694441437721252
42048,-0.39683210849761963
42112,-0.4506417214870453
42176,0.23428183794021606
42240,0.4725923240184784
42304,-0.05400365963578224
42368,-0.35527127981185913
42432,-0.6072774529457092
42496,0.44301488995552063
42560,-0.16439643502235413
42624,0.8004662990570068
42688,0.335497111082077
42752,-0.5489468574523926
42816,0.08963696658611298
42880,-0.5758433938026428
42944,0.5811184048652649
43008,0.7801032066345215
43072,-0.3074083626270294
43136,-0.31907355785369873
43200,0.2761985957622528
43264,-0.5976861119270325
43328,0.4648129642009735
43392,0.07841391116380692
43456,0.9163051843643188
43520,-0.35568082332611084
43584,-0.1892668902873993
43648,-1.2236570119857788
43712,-1.1794276237487793
43776,-0.5649569034576416
43840,0.47100356221199036
43904,-0.27752771973609924
43968,0.7848924994468689
44032,-0.1482476443052292
44096,-0.051097266376018524
44160,0.1511020064353943
44224,0.4990639090538025
44288,-0.44036680459976196
44352,-0.43942826986312866
44416,0.30281317234039307
44480,0.5999538898468018
44544,-0.5054004192352295
44608,0.0857120081782341
44672,0.20687714219093323
44736,-1.4212579727172852
44800,-1.32621431350708
44864,0.030412182211875916
44928,-0.21891164779663086
44992,-0.9085952043533325
45056,-0.7873240113258362
45120,-0.11813300848007202
45184,1.1529828310012817
45248,-0.7776182889938354
45312,-0.06399965286254883
45376,-0.3584153354167938
45440,0.31467539072036743
45504,-0.0534675270318985
45568,0.42508378624916077
45632,0.428193062543869
45696,0.26765280961990356
45760,-0.05577175319194794
45824,-0.18775492906570435
45888,-0.08943860232830048
45952,-0.4985392689704895
46016,-1.4716671705245972
46080,-0.09010104835033417
46144,-0.2926120460033417
46208,0.4820862114429474
46272,-0.19056478142738342
46336,-0.10292132943868637
46400,0.4867650866508484
46464,-0.05596229434013367
46528,-0.1472085416316986
46592,0.18560124933719635
46656,-0.08993781358003616
46720,1.3085838556289673
46784,0.6808669567108154
46848,0.4605395197868347
46912,-0.4748764932155609
46976,0.6370444893836975
47040,-0.6464510560035706
47104,0.24549397826194763
47168,-0.28221482038497925
47232,-0.21097180247306824
47296,0.4757867455482483
47360,-0.1874641329050064
47424,-0.43406611680984497
47488,-0.45223870873451233
47552,-0.07939013838768005
47616,0.09498121589422226
47680,-0.6919505000114441
47744,-0.13782453536987305
47808,0.2585778832435608
47872,0.416902631521225
47936,-0.9545948505401611
48000,-0.10474002361297607
48064,-0.27097973227500916
48128,-0.004752635955810547
48192,0.3281792998313904
48256,0.5129368305206299
48320,-0.4133076071739197
48384,0.2408892810344696
48448,0.1743815541267395
48512,0.30209285020828247
48576,0.04265134781599045
48640,-0.3630164563655853
48704,-0.0561252236366272
48768,-0.15687760710716248
48832,0.10071030259132385
48896,0.020102083683013916
48960,-1.0165209770202637
49024,-0.8305699229240417
49088,-0.2897111177444458
49152,0.313365638256073
49216,0.5101211071014404
49280,0.24269738793373108
49344,-0.22185122966766357
49408,-0.18926823139190674
49472,-0.4082884192466736
49536,0.1999998390674591
49600,0.01220627874135971
49664,-0.4450507164001465
49728,0.3626707196235657
49792,1.429442048072815
49856,-0.48333805799484253
49920,0.5297779440879822
49984,-0.09348472207784653
50048,0.2971603274345398
50112,-0.10487142205238342
50176,-1.04390549659729
50240,0.2957305610179901
50304,0.2818552553653717
50368,-0.5115593671798706
50432,0.03086012601852417
50496,-0.2780240774154663
50560,-0.02219545841217041
50624,0.8330821394920349
50688,-0.5592825412750244
50752,0.36187824606895447
50816,-0.050691381096839905
50880,0.7860970497131348
50944,-1.0440601110458374
51008,-0.6236752867698669
51072,-0.41346311569213867
51136,-0.30264899134635925
51200,0.3361705541610718
51264,-0.14813952147960663
51328,0.3393457531929016
51392,-0.2861248254776001
51456,0.13667912781238556
51520,-0.48401281237602234
51584,-0.22983208298683167
51648,-0.8108136653900146
51712,0.23929668962955475
51776,0.299053430557251
51840,-0.8499013781547546
51904,-0.4277825653553009
51968,-0.5191997289657593
52032,-0.20528799295425415
52096,-0.16854159533977509
52160,0.07090654224157333
52224,-0.6847896575927734
52288,-0.04351738095283508
52352,0.35236573219299316
52416,0.16287241876125336
52480,0.3204711675643921
52544,0.5681654214859009
52608,-0.7976583242416382
52672,-0.043702512979507446
52736,-0.1317310929298401
52800,0.6611659526824951
52864,-0.15540477633476257
52928,0.31938350200653076
52992,0.03396788239479065
53056,-0.7723336815834045
53120,0.2665421664714813
53184,0.5537652969360352
53248,0.12302522361278534
53312,0.3395383954048157
53376,0.8276662230491638
53440,-0.1655360609292984
53504,-0.8170762658119202
53568,-0.29860612750053406
53632,-0.22102205455303192
53696,0.49352943897247314
53760,-0.5873481035232544
53824,0.8826801776885986
53888,-0.5687412023544312
53952,0.16702421009540558
54016,0.0600835382938385
54080,0.562131941318512
54144,-0.3455619812011719
54208,0.014968520030379295
54272,-0.09208161383867264
54336,0.1795523464679718
54400,-0.17833635210990906
54464,-0.5161401629447937
54528,-0.24013042449951172
54592,0.506807267665863
54656,0.0013209283351898193
54720,-0.9015312790870667
54784,-0.3136548399925232
54848,-0.4066340923309326
54912,0.7594504952430725
54976,0.3410445749759674
55040,0.24747201800346375
55104,-0.02176465094089508
55168,0.09607355296611786
55232,0.4831222593784332
55296,-0.020827561616897583
55360,-0.2656109929084778
55424,-0.16570189595222473
55488,-0.5374547839164734
55552,0.13128668069839478
55616,0.04363921284675598
55680,0.01609298586845398
55744,-0.259082168340683
55808,0.14514440298080444
55872,0.31639009714126587
55936,-0.20043200254440308
56000,-0.1350015103816986
56064,-0.14463186264038086
56128,-0.013876073062419891
56192,-0.6237525939941406
56256,-0.29448166489601135
56320,-0.05855235457420349
56384,-0.15656235814094543
56448,-0.03296811878681183
56512,0.6781599521636963
56576,0.13298186659812927
56640,0.3136119246482849
56704,-0.2581593692302704
56768,0.03330595791339874
56832,0.7991914749145508
56896,-0.19226086139678955
56960,-0.6940769553184509
57024,-0.2825390696525574
57088,-0.025285348296165466
57152,-0.24915307760238647
57216,0.24268996715545654
57280,0.7418027520179749
57344,-0.23177725076675415
57408,-0.32838138937950134
57472,-0.17624686658382416
57536,0.47478187084198
57600,-0.3165970742702484
57664,-0.4568253755569458
57728,0.1467737853527069
57792,-0.3820730447769165
57856,-0.07169569283723831
57920,-0.3857679069042206
57984,-0.3463713526725769
58048,-0.4324498772621155
58112,0.021007254719734192
58176,0.21440352499485016
58240,-0.4137529134750366
58304,-0.17219288647174835
58368,0.171736478805542
58432,1.0438593626022339
58496,0.17913854122161865
58560,0.40499910712242126
58624,-0.6734610795974731
58688,-0.2143874168395996
58752,-0.05363979935646057
58816,-0.06832098960876465
58880,-0.08974234759807587
58944,-0.6191999912261963
59008,0.37930676341056824
59072,0.7048888802528381
59136,0.3075330853462219
59200,0.9037454128265381
59264,-0.18329891562461853
59328,0.18737685680389404
59392,0.4733591675758362
59456,0.3638113737106323
59520,0.35239464044570923
59584,0.7032294273376465
59648,0.7723991274833679
59712,0.5192685723304749
59776,-0.5191286206245422
59840,-0.20273730158805847
59904,-0.5867217183113098
59968,0.37171730399131775
60032,-0.3352898955345154
60096,-0.75099116563797
60160,-0.7867070436477661
60224,-0.16523709893226624
60288,-0.8407967686653137
60352,-0.5339182615280151
60416,-0.4420274496078491
60480,0.33322474360466003
60544,-0.42310631275177
60608,0.6404596567153931
60672,0.12278908491134644
60736,-0.6775282025337219
60800,-0.36240166425704956
60864,-0.8397709131240845
60928,-1.4450651407241821
60992,0.09995056688785553
61056,-0.6188209056854248
61120,0.022567540407180786
61184,-1.2930488586425781
61248,0.28163260221481323
61312,0.5202832221984863
61376,0.17776040732860565
61440,-0.7369457483291626
61504,-0.31292271614074707
61568,0.11148271709680557
61632,-0.47280383110046387
61696,0.47780686616897583
61760,0.33453094959259033
61824,0.24152211844921112
61888,0.1493815779685974
61952,-0.6801376342773438
62016,0.11420344561338425
62080,1.061361312866211
62144,-0.14792224764823914
62208,0.13321387767791748
62272,0.08634575456380844
62336,0.1283455789089203
62400,-0.4184039235115051
62464,0.21407046914100647
62528,-0.745476484298706
62592,0.9569454789161682
62656,-0.2899324297904968
62720,0.01427207887172699
62784,0.2817007303237915
62848,-0.320762574672699
62912,-0.14341065287590027
62976,0.7418025135993958
63040,-0.5378607511520386
63104,-0.8296730518341064
63168,0.5347371101379395
63232,-0.5596141815185547
63296,0.2025633454322815
63360,-0.034745633602142334
63424,0.47267797589302063
63488,0.6123363971710205
63552,0.008458822965621948
63616,-0.028430745005607605
63680,0.2553043067455292
63744,-0.9425596594810486
63808,-0.9275409579277039
63872,0.01389738917350769
63936,-0.10813768208026886
64000,-0.570504903793335
64064,0.16341149806976318
64128,0.9231037497520447
64192,-0.04562833905220032
64256,0.33088603615760803
64320,0.5086103677749634
64384,0.21098023653030396
64448,-0.14477404952049255
64512,-0.40629351139068604
64576,-0.06715185195207596
64640,-0.5075216293334961
64704,0.18091848492622375
64768,-0.8562952876091003
64832,0.26804035902023315
64896,0.19007541239261627
64960,-0.22334454953670502
65024,-0.29844930768013
65088,-0.39053383469581604
65152,-0.16433584690093994
65216,-0.07405177503824234
65280,0.5148111581802368
65344,-0.7411117553710938
65408,-0.7122563719749451
65472,-0.6441739201545715
65536,-0.36176249384880066
65600,0.3951079547405243
65664,0.2500346302986145
65728,-0.04356393963098526
65792,0.12295393645763397
65856,-0.11733364313840866
65920,-0.42772334814071655
65984,-0.5172889232635498
66048,-0.6681032776832581
66112,0.34227997064590454
66176,0.5473536252975464
66240,0.8426904678344727
66304,0.47699111700057983
66368,0.5683978199958801
66432,0.06029248982667923
66496,0.8677541613578796
66560,-1.0129197835922241
66624,-0.1567191630601883
66688,0.24005505442619324
66752,0.09163013100624084
66816,-0.632562518119812
66880,-0.10838663578033447
66944,-0.3763240873813629
67008,-0.4588663876056671
67072,-0.18166160583496094
67136,-0.2960413992404938
67200,0.06630595028400421
67264,0.8196746110916138
67328,-0.6716808676719666
67392,0.03028680384159088
67456,-0.6326106786727905
67520,-0.2420392632484436
67584,-0.8079643249511719
67648,-0.014013916254043579
67712,-0.3457968235015869
67776,-0.8554801940917969
67840,-0.3816561698913574
67904,-0.6477416157722473
67968,-0.3686641752719879
68032,-0.11551177501678467
68096,-0.020931467413902283
68160,0.16485705971717834
68224,-0.27586260437965393
68288,-0.17618560791015625
68352,-0.7191479802131653
68416,-1.0534138679504395
68480,-0.6508362293243408
68544,-0.16236647963523865
68608,-0.8462356328964233
68672,-0.23443703353405
68736,0.004873916506767273
68800,-0.12007316946983337
68864,-1.087925672531128
68928,-0.7447611093521118
68992,-0.09982731938362122
69056,-0.2530607581138611
69120,0.12106300890445709
69184,-0.030450597405433655
69248,0.1748310923576355
69312,-0.23427781462669373
69376,0.31721121072769165
69440,-0.13097569346427917
69504,0.18352335691452026
69568,-0.020625527948141098
69632,-0.043941713869571686
69696,-0.8873952627182007
69760,-0.2447584867477417
69824,-0.3205292820930481
69888,-0.7967885732650757
69952,0.8678328990936279
70016,-0.43399152159690857
70080,-0.08738353848457336
70144,0.56190025806427
70208,0.40196967124938965
70272,0.6039385795593262
70336,-0.5534203052520752
70400,-0.39848190546035767
70464,-0.88899165391922
70528,-0.18264827132225037
70592,-1.5004884004592896
70656,-1.2186675071716309
70720,0.05059678852558136
70784,-0.7748061418533325
70848,-0.672652542591095
70912,-1.1071456670761108
70976,-0.9206644892692566
71040,-0.6171404123306274
71104,-0.39073145389556885
71168,-0.777876615524292
71232,-0.3121466338634491
71296,0.05074036121368408
71360,0.12129737436771393
71424,-0.2605789303779602
71488,-0.03169363737106323
71552,-0.05884866416454315
71616,0.12662851810455322
71680,0.020547613501548767
71744,-0.3176742196083069
71808,-0.7141438722610474
71872,-1.326294183731079
71936,-0.5840497016906738
72000,0.5124593377113342
72064,0.17350947856903076
72128,0.35257023572921753
72192,-0.22778919339179993
72256,0.6837786436080933
72320,0.3638783097267151
72384,0.09861427545547485
72448,-0.7169551253318787
72512,1.5598382949829102
72576,-0.519420325756073
72640,0.10963808000087738
72704,-0.3517071604728699
72768,-0.16208967566490173
72832,-0.8297966718673706
72896,-0.44910183548927307
72960,0.3060583770275116
73024,-0.550032377243042
73088,0.29028046131134033
73152,0.6607769727706909
73216,0.1221146434545517
73280,-1.1982948780059814
73344,-1.4442317485809326
73408,-0.12023818492889404
73472,-0.5576927661895752
73536,-0.2174304872751236
73600,-0.5646498203277588
73664,-0.1480334997177124
73728,-0.7354548573493958
73792,0.04672883450984955
73856,-0.2669902443885803
73920,0.290876567363739
73984,-0.6523939967155457
74048,0.9558733701705933
74112,0.38545531034469604
74176,-0.36007431149482727
74240,0.9320875406265259
74304,-0.710280179977417
74368,-0.6962741613388062
74432,-0.9922728538513184
74496,-0.5151852369308472
74560,-0.017075859010219574
74624,-0.5775202512741089
74688,-0.36291083693504333
74752,0.7827463746070862
74816,-0.408799409866333
74880,0.14201244711875916
74944,-0.045719802379608154
75008,0.11366497725248337
75072,-0.2991614043712616
75136,0.164137601852417
75200,0.22094474732875824
75264,0.23035022616386414
75328,-0.2087121456861496
75392,0.6928465366363525
75456,-0.7454826235771179
75520,-0.8769331574440002
75584,-0.42602336406707764
75648,0.2671774923801422
75712,0.023741304874420166
75776,-0.3293638229370117
75840,-1.0147287845611572
75904,-1.029958963394165
75968,-0.639674186706543
76032,-0.19967573881149292
76096,0.5342569351196289
76160,0.8721399307250977
76224,0.3776162266731262
76288,-0.184239000082016
76352,-0.8959395885467529
76416,-0.2777864933013916
76480,-0.8595600128173828
76544,-0.47898992896080017
76608,0.22604681551456451
76672,0.5668388605117798
76736,-0.4091159701347351
76800,0.06756280362606049
76864,0.919060468673706
76928,-0.9026939868927002
76992,0.2932102680206299
77056,-0.2856455147266388
77120,0.7588879466056824
77184,-0.16705989837646484
77248,-1.031088948249817
77312,0.8559523820877075
77376,-0.09082663804292679
77440,0.0486602783203125
77504,-0.3819732069969177
77568,0.18777737021446228
77632,-0.5658450722694397
77696,-0.9836679100990295
77760,-0.4052998125553131
77824,-0.013981431722640991
77888,-0.2378433346748352
77952,-0.34231483936309814
78016,-0.2710476219654083
78080,-0.015887916088104248
78144,0.8678507208824158
78208,-0.9733763933181763
78272,-0.7665372490882874
78336,-1.017673373222351
78400,-1.534930944442749
78464,0.9375441074371338
78528,-1.4260804653167725
78592,-0.16651208698749542
78656,-0.24185124039649963
78720,0.08737772703170776
78784,0.15819065272808075
78848,0.4079020917415619
78912,-0.4330950379371643
78976,-0.7532203197479248
79040,0.33815479278564453
79104,0.2929375469684601
79168,-0.8069592714309692
79232,0.4383123219013214
79296,0.4732273817062378
79360,0.030929386615753174
79424,-0.28868117928504944
79488,0.9331518411636353
79552,0.5750564336776733
79616,-1.005954623222351
79680,-0.4823746979236603
79744,-1.3463668823242188
79808,-0.7689545750617981
79872,0.761709988117218
79936,-1.0324069261550903
80000,0.6970129609107971
80064,1.661594033241272
80128,-0.05223934352397919
80192,1.0624818801879883
80256,-0.5876238346099854
80320,-0.8225476741790771
80384,0.7815487384796143
80448,0.33389580249786377
80512,0.20529121160507202
80576,-0.19751933217048645
80640,-0.48510468006134033
80704,0.21897658705711365
80768,-0.18131813406944275
80832,-0.6774505376815796
80896,0.0827576220035553
80960,0.8025018572807312
81024,0.22317609190940857
81088,-0.29100126028060913
81152,0.754664421081543
81216,-0.21538110077381134
81280,-0.7299720644950867
81344,0.515257716178894
81408,-0.9415563344955444
81472,0.018707551062107086
81536,0.9170618653297424
81600,-0.136418417096138
81664,0.1911664605140686
81728,-0.564514696598053
81792,0.06510255485773087
81856,-0.9683783054351807
81920,0.22280210256576538
81984,0.5816126465797424
82048,1.1270818710327148
82112,1.0273760557174683
82176,-0.4615175127983093
82240,-0.15738241374492645
82304,0.9466273784637451
82368,0.629411518573761
82432,-1.1095856428146362
82496,0.2822113335132599
82560,0.3597175180912018
82624,-0.055571869015693665
82688,0.020715296268463135
82752,-0.7926366925239563
82816,-0.3860383629798889
82880,0.358931303024292
82944,-0.6393430233001709
83008,-0.2210438847541809
83072,1.418951153755188
83136,0.07402542233467102
83200,0.5666617155075073
83264,-0.044040828943252563
83328,-0.3912379741668701
83392,0.0036655887961387634
83456,0.3709039092063904
83520,-0.4076639413833618
83584,-0.6917209625244141
83648,-0.24047793447971344
83712,-1.3488450050354004
83776,-0.38470056653022766
83840,-0.331779420375824
83904,-0.18203642964363098
83968,-0.10658112913370132
84032,1.1635792255401611
84096,-0.13452808558940887
84160,-1.061928391456604
84224,0.5200666189193726
84288,0.10948391258716583
84352,0.4347602128982544
84416,0.12315608561038971
84480,-0.31362608075141907
84544,-0.5414892435073853
84608,-0.0632874146103859
84672,-0.02315966784954071
84736,-0.21085552871227264
84800,-0.613219678401947
84864,-0.73897385597229
84928,-0.2713180184364319
84992,-0.5541104674339294
85056,-0.46432724595069885
85120,-1.0021072626113892
85184,-0.2702380418777466
85248,-0.27961471676826477
85312,-0.11759882420301437
85376,-1.0241303443908691
85440,-0.04110110178589821
85504,0.05538459122180939
85568,-1.1143112182617188
85632,-0.14854881167411804
85696,-0.2707776427268982
85760,0.48881790041923523
85824,-0.583507239818573
85888,-0.26748865842819214
85952,-0.01513950526714325
86016,1.2708399295806885
86080,-1.551575779914856
86144,0.42505988478660583
86208,-1.0447396039962769
86272,0.34866952896118164
86336,-0.8756554126739502
86400,0.0679723396897316
86464,0.07324302196502686
86528,-0.29570895433425903
86592,-0.4648045301437378
86656,0.11240413784980774
86720,-0.5586313605308533
86784,-0.03958096355199814
86848,-0.44429853558540344
86912,-0.2606384754180908
86976,-0.07963837683200836
87040,0.48769813776016235
87104,-0.3777058720588684
87168,-0.6291338205337524
87232,-0.31371405720710754
87296,-0.13973625004291534
87360,-0.1560385525226593
87424,0.8405531644821167
87488,0.34109988808631897
87552,-1.005538821220398
87616,0.10993534326553345
87680,-0.18315954506397247
87744,0.8955002427101135
87808,0.22709646821022034
87872,-0.1848117858171463
87936,0.0854129046201706
88000,-0.297357976436615
88064,0.21323727071285248
88128,-0.7421249747276306
88192,0.5200181007385254
88256,-0.6110246181488037
88320,0.30018359422683716
88384,-1.056647539138794
88448,0.32237887382507324
88512,-0.5821242928504944
88576,0.16052007675170898
88640,-0.693768322467804
88704,-1.2500240802764893
88768,-0.9898759722709656
88832,-1.7437808513641357
88896,0.9871183633804321
88960,-0.9609224200248718
89024,0.13618451356887817
89088,0.0028592050075531006
89152,0.32971444725990295
89216,0.7004313468933105
89280,-0.9204868674278259
89344,0.7364717125892639
89408,0.5641888976097107
89472,-1.130142092704773
89536,0.41479089856147766
89600,-0.15515273809432983
89664,0.6793212890625
89728,-0.4536091387271881
89792,-0.3874129354953766
89856,-0.2602941393852234
89920,-0.10177698731422424
89984,-0.41383159160614014
90048,-0.49406862258911133
90112,-0.5429928302764893
90176,0.05795837193727493
90240,0.027778804302215576
90304,0.22283300757408142
90368,0.19548264145851135
90432,0.028753429651260376
90496,0.4182719588279724
90560,-0.3885525166988373
90624,0.6840426921844482
90688,-0.5391981601715088
90752,-0.14829492568969727
90816,-0.11016348004341125
90880,-0.9360917806625366
90944,-0.029572270810604095
91008,0.7213240265846252
91072,0.6850631237030029
91136,0.1226309984922409
91200,-0.16694697737693787
91264,0.7517036199569702
91328,0.8906880021095276
91392,0.03193312883377075
91456,-0.2841233015060425
91520,-0.4728628695011139
91584,-0.6488867998123169
91648,-0.3924955129623413
91712,0.23676276206970215
91776,0.2313673347234726
91840,-0.43041813373565674
91904,-0.6093503832817078
91968,-1.4898936748504639
92032,-0.3647681474685669
92096,-0.7088831067085266
92160,-0.04155883938074112
92224,-1.3091410398483276
92288,0.4583354890346527
92352,0.09015555679798126
92416,-0.19135545194149017
92480,-0.2991902828216553
92544,0.8693318367004395
92608,-0.6977541446685791
92672,-0.2406751811504364
92736,-0.11398281157016754
92800,-0.5015423893928528
92864,-0.09444102644920349
92928,0.024782128632068634
92992,0.49948033690452576
93056,0.5956528782844543
93120,0.056844525039196014
93184,-0.9323881268501282
93248,0.4865778684616089
93312,-0.13786232471466064
93376,-0.3478632867336273
93440,-0.9674529433250427
93504,0.3199197053909302
93568,-0.24919810891151428
93632,-0.3745540678501129
93696,-0.8855575323104858
93760,0.8521499633789062
93824,-0.04634557664394379
93888,-1.094557285308838
93952,-0.059198372066020966
94016,0.3137117028236389
94080,-1.3779771327972412
94144,-0.4092140197753906
94208,-0.016908496618270874
94272,-0.12415549904108047
94336,-0.2135431468486786
94400,0.0668146163225174
94464,0.17682500183582306
94528,-0.26238685846328735
94592,-0.12751473486423492
94656,-0.21524226665496826
94720,0.05841870605945587
94784,-0.09649531543254852
94848,-1.0807054042816162
94912,0.12131132185459137
94976,-0.0617654025554657
95040,-0.10369648039340973
95104,0.9015166759490967
95168,0.6332964897155762
95232,0.09963355958461761
95296,-1.0001622438430786
95360,-0.2569994330406189
95424,-0.5042543411254883
95488,-0.698921799659729
95552,-0.1422135829925537
95616,-0.3319280743598938
95680,-0.9705544114112854
95744,-0.15689879655838013
95808,0.967893660068512
95872,-0.5707845687866211
95936,-0.9356386661529541
96000,0.8353710174560547
96064,0.7501775622367859
96128,0.060840025544166565
96192,1.0318111181259155
96256,0.05368033051490784
96320,-0.1691514551639557
96384,1.0015714168548584
96448,-0.25242552161216736
96512,0.7853412628173828
96576,1.196123719215393
96640,0.1388784497976303
96704,0.15211030840873718
96768,-0.34402745962142944
96832,1.0102131366729736
96896,0.5365279912948608
96960,0.1824260652065277
97024,0.8037371635437012
97088,-0.09911501407623291
97152,0.5088188648223877
97216,-0.07372970879077911
97280,-0.7395302057266235
97344,-0.3454847037792206
97408,-0.20541374385356903
97472,-0.11265407502651215
97536,-1.2821078300476074
97600,-0.68726646900177
97664,-0.2649603486061096
97728,0.0759451612830162
97792,0.34104979038238525
97856,-1.1316485404968262
97920,0.17671161890029907
97984,-0.2140183001756668
98048,0.03353700786828995
98112,1.060760498046875
98176,-0.4675496816635132
98240,-1.0813676118850708
98304,0.29816678166389465
98368,-0.09844709932804108
98432,-0.10084135830402374
98496,-0.280470073223114
98560,-0.7149312496185303
98624,-0.056500837206840515
98688,-0.27427101135253906
98752,-0.15075281262397766
98816,-0.49456217885017395
98880,-0.21172207593917847
98944,-0.5040162801742554
99008,0.6274968385696411
99072,0.6511750817298889
99136,0.16983996331691742
99200,-0.1803959161043167
99264,0.3607294261455536
99328,-0.08588319271802902
99392,0.6014372706413269
99456,-0.873602569103241
99520,0.3386947214603424
99584,0.012701869010925293
99648,-0.4246719181537628
99712,-0.13625481724739075
99776,0.0564049556851387
99840,0.1097085028886795
99904,-0.10932376235723495
99968,-0.011374413967132568
100032,0.6924265027046204
100096,0.24066224694252014
100160,-0.6185635924339294
100224,0.04933437705039978
100288,-0.6586830615997314
100352,-1.455837607383728
100416,-0.44033193588256836
100480,0.1429568976163864
100544,0.3356238007545471
100608,-0.7454172372817993
100672,-0.029776565730571747
100736,-0.3222236931324005
100800,0.5724825263023376
100864,-0.18969887495040894
100928,-0.48551875352859497
100992,0.7075859308242798
101056,-0.3283071517944336
101120,0.18838731944561005
101184,0.48770156502723694
101248,-0.13326017558574677
101312,-0.10090485215187073
101376,-0.07821217179298401
101440,-0.7631374001502991
101504,-0.6034645438194275
101568,-0.18262875080108643
101632,-0.1564495861530304
101696,0.016546308994293213
101760,-0.6855543255805969
101824,0.59154212474823
101888,-0.7478197813034058
101952,-0.8653901219367981
102016,0.517282247543335
102080,0.5383480191230774
102144,1.1271253824234009
102208,0.17571836709976196
102272,0.06482061743736267
102336,0.42755335569381714
102400,-0.836624801158905
102464,0.37798428535461426
102528,-0.4283140003681183
102592,-0.6204038262367249
102656,0.30846360325813293
102720,0.2400258332490921
102784,0.21026146411895752
102848,0.1909061074256897
102912,-0.4835553467273712
102976,0.13528896868228912
103040,0.773813784122467
103104,-0.08382093906402588
103168,-0.2734701633453369
103232,-1.004859447479248
103296,-0.7312727570533752
103360,0.6539024114608765
103424,-0.7502497434616089
103488,0.016693681478500366
103552,-0.06859046220779419
103616,-0.6448597311973572
103680,-1.320199966430664
103744,-0.36263686418533325
103808,-0.2734730541706085
103872,0.3969445526599884
103936,-0.8003201484680176
104000,0.571898877620697
104064,0.9664486050605774
104128,0.4122973084449768
104192,-0.831571102142334
104256,0.3715894818305969
104320,-0.6382057666778564
104384,-1.3582700490951538
104448,-0.40879127383232117
104512,-0.8532403707504272
104576,-0.7725959420204163
104640,-0.4325866103172302
104704,0.08334112167358398
104768,-0.7579963207244873
104832,0.03771334886550903
104896,0.026848286390304565
104960,0.49145954847335815
105024,1.0010136365890503
105088,-0.3925745487213135
105152,-0.38562294840812683
105216,0.4905460476875305
105280,-0.23246972262859344
105344,1.1038028001785278
105408,0.38706958293914795
105472,-1.6077882051467896
105536,0.735588550567627
105600,0.16057883203029633
105664,-0.578130841255188
105728,-0.26522311568260193
105792,0.3792448043823242
105856,-0.6209190487861633
105920,-0.8361242413520813
105984,-1.09674870967865
106048,-0.42217278480529785
106112,0.44794613122940063
106176,-0.2800111770629883
106240,-0.0843886062502861
106304,-1.0363878011703491
106368,-0.29147869348526
106432,0.5658924579620361
106496,-0.37661439180374146
106560,-0.8503432869911194
106624,-0.5433324575424194
106688,0.7697140574455261
106752,-0.5748481750488281
106816,-1.060880422592163
106880,-0.061308398842811584
106944,0.11376944184303284
107008,1.5949758291244507
107072,0.32150503993034363
107136,0.47988420724868774
107200,0.11146736145019531
107264,-0.14257553219795227
107328,-0.7574713230133057
107392,-0.3209964334964752
107456,-0.2545950412750244
107520,-0.20091234147548676
107584,-0.16842025518417358
107648,-0.5546537041664124
107712,-0.4462885856628418
107776,0.5441357493400574
107840,-0.03400948643684387
107904,0.7568490505218506
107968,1.0442800521850586
108032,0.9549568295478821
108096,-0.16136899590492249
108160,-0.2767946124076843
108224,0.20410248637199402
108288,-0.30830660462379456
108352,-0.5398861765861511
108416,0.8615512847900391
108480,-0.45961320400238037
108544,0.5165379047393799
108608,0.7123407125473022
108672,-0.28092700242996216
108736,0.28406816720962524
108800,-0.16985991597175598
108864,-0.19378407299518585
108928,-0.8197467923164368
108992,0.530177116394043
109056,0.17430885136127472
109120,0.7198870182037354
109184,0.21203112602233887
109248,-1.155709147453308
109312,-0.2814309000968933
109376,-0.12790019810199738
109440,-0.5561635494232178
109504,-1.051846981048584
109568,-0.8996700644493103
109632,0.5464586019515991
109696,0.7430051565170288
109760,0.27295172214508057
109824,0.12924060225486755
109888,-0.26466214656829834
109952,-0.6470891833305359
110016,0.1179114580154419
110080,-0.4223640263080597
110144,0.8126029968261719
110208,0.6221439838409424
110272,-0.21779918670654297
110336,-0.5184780955314636
110400,-0.6654338836669922
110464,0.217893585562706
110528,-0.6425529718399048
110592,-0.5966246128082275
110656,-0.47353240847587585
110720,0.11200588941574097
110784,0.05801437795162201
110848,0.005389787256717682
110912,-0.459587961435318
110976,-0.2649334967136383
111040,-0.15053023397922516
111104,0.447856605052948
111168,0.07998079061508179
111232,0.29420995712280273
111296,-0.9031296372413635
111360,0.5361794233322144
111424,-0.6019081473350525
111488,0.11658070981502533
111552,-0.8286703824996948
111616,0.7038677930831909
111680,-0.49290716648101807
111744,-0.20438790321350098
111808,-0.38049525022506714
111872,-0.9592808485031128
111936,-0.1659320890903473
112000,-0.40423837304115295
112064,-0.6370092630386353
112128,1.1301225423812866
112192,-0.44043686985969543
112256,0.0018280968070030212
112320,-0.23857401311397552
112384,-0.39901477098464966
112448,-0.564500629901886
112512,-0.4525045156478882
112576,-0.3967788517475128
112640,-0.7949717044830322
112704,0.03113362193107605
112768,-0.5405501127243042
112832,-0.1714290976524353
112896,-0.26949459314346313
112960,-0.4220631718635559
113024,1.729386568069458
113088,-0.039900779724121094
113152,0.8552539944648743
113216,-0.2941287159919739
113280,-0.15836907923221588
113344,0.016003653407096863
113408,0.14060088992118835
113472,0.5261385440826416
113536,-0.12190064042806625
113600,0.13260310888290405
113664,0.20516319572925568
113728,-0.19063493609428406
113792,-0.5193552374839783
113856,0.34564724564552307
113920,0.6882179379463196
113984,-0.11846709251403809
114048,-0.010036438703536987
114112,-0.22921070456504822
114176,1.19834303855896
114240,1.835902452468872
114304,-0.3143804967403412
114368,0.4779750108718872
114432,-0.1689143180847168
114496,-0.13133446872234344
114560,0.17174789309501648
114624,-1.2645504474639893
114688,-0.24866056442260742
114752,-0.28185975551605225
114816,0.26749032735824585
114880,0.7970908880233765
114944,-1.2099459171295166
115008,0.5162181854248047
115072,0.3301103711128235
115136,0.5273576974868774
115200,0.5677400827407837
115264,-0.5784018039703369
115328,-0.3591110110282898
115392,0.5629291534423828
115456,-0.640923023223877
115520,0.028973862528800964
115584,-0.3785247206687927
115648,0.007734194397926331
115712,0.7375549077987671
115776,0.002887904644012451
115840,-0.12851989269256592
115904,0.0397723913192749
115968,-1.2053024768829346
116032,0.11431746184825897
116096,-0.4986169934272766
116160,-0.21542808413505554
116224,0.396942675113678
116288,0.11474034190177917
116352,0.11618717759847641
116416,-1.6934655904769897
116480,1.218603491783142
116544,0.4771915674209595
116608,0.04185256361961365
116672,-0.8720431923866272
116736,-0.3569934070110321
116800,-0.09682102501392365
116864,0.8579944372177124
116928,0.6032119989395142
116992,-0.3328269124031067
117056,0.21594232320785522
117120,-0.8525108695030212
117184,0.74363112449646
117248,-1.35483717918396
117312,-0.30193036794662476
117376,0.4069896340370178
117440,-0.9769428968429565
117504,-0.43248504400253296
117568,0.6926666498184204
117632,-0.8964575529098511
117696,-0.7042789459228516
117760,0.11219541728496552
117824,-0.28404611349105835
117888,-0.20250821113586426
117952,-0.2394770383834839
118016,0.06572732329368591
118080,0.03292003273963928
118144,-0.7662965655326843
118208,-1.6836516857147217
118272,0.38720616698265076
118336,0.12093102931976318
118400,0.8603812456130981
118464,1.698345422744751
118528,-0.18896155059337616
118592,-0.23104630410671234
118656,-0.13666580617427826
118720,-0.6977218985557556
118784,0.7423998117446899
118848,-0.8738033175468445
118912,-0.09822750091552734
118976,-0.2820824980735779
119040,0.5498270988464355
119104,-0.17122101783752441
119168,-0.9487999677658081
119232,0.47653162479400635
119296,0.060003504157066345
119360,-1.1186317205429077
119424,-0.16221162676811218
119488,0.5120165348052979
119552,-0.24322868883609772
119616,-0.2585388422012329
119680,-0.1443038135766983
119744,-0.28856801986694336
119808,-0.42404472827911377
119872,0.07999677956104279
119936,0.4553184509277344
120000,0.8487789630889893
120064,1.3973350524902344
120128,-0.3502005636692047
120192,0.5605167746543884
120256,-0.5482703447341919
120320,-0.36365002393722534
120384,-0.30596935749053955
120448,-0.1643013060092926
120512,-0.6148422956466675
120576,0.2406899333000183
120640,-1.03056001663208
120704,0.9981808066368103
120768,-0.08735570311546326
120832,0.5756100416183472
120896,-0.4850110113620758
120960,-0.21914713084697723
121024,1.5864702463150024
121088,-1.106362223625183
121152,-0.38020333647727966
121216,-0.11547207832336426
121280,0.24762775003910065
121344,-0.33011394739151
121408,0.5055322647094727
121472,0.40865397453308105
121536,-0.37800133228302
121600,1.5305726528167725
121664,-0.13234227895736694
121728,0.07667740434408188
121792,0.8258466720581055
121856,-0.5019921660423279
121920,0.28968626260757446
121984,-0.4326406419277191
122048,0.40702345967292786
122112,0.48517969250679016
122176,0.21901986002922058
122240,-0.5792326927185059
122304,0.10495246201753616
122368,-0.621086835861206
122432,0.36394888162612915
122496,0.42644113302230835
122560,0.5227364897727966
122624,0.3978516161441803
122688,0.34748587012290955
122752,0.29219210147857666
122816,-0.1451430320739746
122880,0.7123785614967346
122944,0.6945590972900391
123008,0.45215776562690735
123072,0.2947927713394165
123136,0.02583637833595276
123200,-0.5869611501693726
123264,-0.12171013653278351
123328,0.11805962026119232
123392,0.48733508586883545
123456,0.04273627698421478
123520,-0.5990368127822876
123584,-0.3571944832801819
123648,0.3506585359573364
123712,0.028622984886169434
123776,0.45920372009277344
123840,0.5201494097709656
123904,0.28245773911476135
123968,0.03920837491750717
124032,0.9961776733398438
124096,-0.11553465574979782
124160,-0.06654848903417587
124224,-0.8090327382087708
124288,1.3729478120803833
124352,0.07098376005887985
124416,0.08404308557510376
124480,-0.31928184628486633
124544,0.5221121907234192
124608,-0.22315791249275208
124672,-0.8140354156494141
124736,0.6259488463401794
124800,0.17647649347782135
124864,0.16719502210617065
124928,-0.025549154728651047
124992,-0.18722543120384216
125056,0.366107702255249
125120,-0.42657384276390076
125184,0.9947452545166016
125248,0.9568815231323242
125312,-0.29181891679763794
125376,-1.416463017463684
125440,0.05433657020330429
125504,-0.10042859613895416
125568,-0.39208441972732544
125632,0.5096930265426636
125696,-0.05735917389392853
125760,0.4089941382408142
125824,-0.7817766070365906
125888,-0.24256353080272675
125952,0.5090302228927612
126016,0.7777033448219299
126080,0.1675872951745987
126144,0.38380882143974304
126208,-0.5105352401733398
126272,-0.3451600670814514
126336,-0.9680749177932739
126400,-0.7084193825721741
126464,-0.35225027799606323
126528,0.03105936199426651
126592,0.28601372241973877
126656,-0.25157883763313293
126720,0.2509763836860657
126784,-0.027190662920475006
126848,-0.09213865548372269
126912,-0.15733209252357483
126976,0.146712526679039
127040,0.45797964930534363
127104,-0.7683348059654236
127168,-0.9683884382247925
127232,-0.26061445474624634
127296,1.246932864189148
127360,0.3825680911540985
127424,-0.34782281517982483
127488,-0.26383107900619507
127552,-0.2540397047996521
127616,0.4149075746536255
127680,0.45285627245903015
127744,-0.6813027858734131
127808,-0.7309891581535339
127872,-0.04048922657966614
127936,0.031734198331832886
128000,0.6284452080726624
128064,0.5103031396865845
128128,0.404219388961792
128192,-0.23675522208213806
128256,-0.4873836040496826
128320,-0.47672951221466064
128384,0.5380537509918213
128448,0.25473907589912415
128512,-0.5656207203865051
128576,-0.31446927785873413
128640,0.1637900471687317
128704,0.11936485767364502
128768,0.5856255888938904
128832,0.5847533941268921
128896,-0.004698902368545532
128960,-0.08758123964071274
129024,0.9900612831115723
129088,-1.4994584321975708
129152,1.1841298341751099
129216,-0.41033461689949036
129280,-0.144081711769104
129344,-0.7371139526367188
129408,0.10585371404886246
129472,0.5940183997154236
129536,0.1611841917037964
129600,0.06431499123573303
129664,-0.2993813455104828
129728,0.389766663312912
129792,-0.17722436785697937
129856,0.20234087109565735
129920,-0.037618622183799744
129984,0.5417811870574951
130048,1.2699921131134033
130112,1.4691485166549683
130176,-0.20471817255020142
130240,0.7374038696289062
130304,0.09923594444990158
130368,-0.7646389603614807
130432,-0.1801304817199707
130496,-0.6263283491134644
130560,-0.08753862977027893
130624,0.23253551125526428
130688,-0.8257607221603394
130752,0.6040106415748596
130816,0.06657592952251434
130880,0.2244238555431366
130944,-0.6852703094482422
131008,0.4292219579219818
131072,-0.3600372076034546
131136,-0.19754450023174286
131200,-1.3866947889328003
131264,0.161246657371521
131328,-0.8007515668869019
131392,-0.49129778146743774
131456,-0.2579382658004761
131520,-0.5266170501708984
131584,-0.753481388092041
131648,-0.3813571035861969
131712,-0.8630915284156799
131776,-0.19735553860664368
131840,0.6872482299804688
131904,0.8258963227272034
131968,1.0476793050765991
132032,0.5728691816329956
132096,0.6486533880233765
132160,-0.8066884279251099
132224,-0.03226660192012787
132288,0.18260568380355835
132352,-0.34066882729530334
132416,1.3852375745773315
132480,0.2787599265575409
132544,0.22402311861515045
132608,-0.5095361471176147
132672,0.5663226246833801
132736,0.09240072965621948
132800,0.4809163808822632
132864,-0.44237208366394043
132928,0.22682154178619385
132992,-0.06175383925437927
133056,0.34351059794425964
133120,-0.013258486986160278
133184,-0.23446005582809448
133248,0.027114897966384888
133312,0.03817831724882126
133376,-0.1210218071937561
133440,0.41057172417640686
133504,-0.40060511231422424
133568,-0.9644585847854614
133632,0.28152334690093994
133696,0.6931288838386536
133760,0.33679142594337463
133824,-0.0784742683172226
133888,-0.3097713589668274
133952,-1.0867561101913452
134016,0.7338155508041382
134080,0.33829304575920105
134144,-0.07476875931024551
134208,-0.5162366628646851
134272,0.3538351058959961
134336,-0.6426756978034973
134400,-1.0550928115844727
134464,-0.5176259279251099
134528,-0.28181877732276917
134592,-0.091716468334198
134656,0.09581371396780014
134720,-0.008136987686157227
134784,-0.13175198435783386
134848,0.29902541637420654
134912,0.013904344290494919
134976,-0.5479509830474854
135040,0.4714122414588928
135104,-1.0124973058700562
135168,-0.16132870316505432
135232,-0.051756709814071655
135296,-0.7212729454040527
135360,0.3734132647514343
135424,0.18500813841819763
135488,0.3502017557621002
135552,0.6338741183280945
135616,0.3032675087451935
135680,-0.10199689865112305
135744,0.19023993611335754
135808,-0.029583193361759186
135872,-0.5664060115814209
135936,0.33592259883880615
136000,0.6263797283172607
136064,-1.1475610733032227
136128,0.19065745174884796
136192,-0.2459793984889984
136256,-0.4196878671646118
136320,0.08983536064624786
136384,-0.8147206902503967
136448,-0.22025157511234283
136512,-0.9730364084243774
136576,-0.45127564668655396
136640,-0.533380389213562
136704,-0.9259284734725952
136768,0.016341399401426315
136832,-0.42695096135139465
136896,-0.8418893218040466
136960,-0.6927342414855957
137024,0.8049627542495728
137088,-0.3124921917915344
137152,-0.10644211620092392
137216,0.34818780422210693
137280,-0.4406580328941345
137344,-0.15790681540966034
137408,0.30978894233703613
137472,-0.6736969947814941
137536,-0.6648650169372559
137600,0.8290016651153564
137664,-0.3798515796661377
137728,0.049991726875305176
137792,0.6506739258766174
137856,0.23101532459259033
137920,0.25573617219924927
137984,-0.9639431834220886
138048,0.15386101603507996
138112,0.7607640027999878
138176,-0.2408561408519745
138240,0.6223543882369995
138304,0.392681360244751
138368,-0.12976428866386414
138432,0.292153924703598
138496,0.17712321877479553
138560,-0.09302796423435211
138624,0.22214320302009583
138688,0.03422123193740845
138752,-1.0134624242782593
138816,-1.483609676361084
138880,0.9198116064071655
138944,-0.3638285994529724
139008,-0.03286908566951752
139072,-0.2339702844619751
139136,-1.2989110946655273
139200,0.14838601648807526
139264,-1.1812752485275269
139328,0.32070255279541016
139392,0.44066470861434937
139456,-0.5834524631500244
139520,-0.140459343791008
139584,-0.6209010481834412
139648,-0.011860460042953491
139712,-0.5092817544937134
139776,-0.11414381861686707
139840,-0.9461045861244202
139904,-0.3607584834098816
139968,0.4608110785484314
140032,0.9331110715866089
140096,-0.28329378366470337
140160,-0.6324949264526367
140224,-0.33854708075523376
140288,-0.5957851409912109
140352,0.765185534954071
140416,-0.5682209730148315
140480,0.028308935463428497
140544,-0.5979697704315186
140608,-0.07305878400802612
140672,-0.7403744459152222
140736,0.234784796833992
140800,-0.715630292892456
140864,0.5061112642288208
140928,-0.23563142120838165
140992,0.40748894214630127
141056,0.5800226926803589
141120,-0.5763381719589233
141184,0.7972805500030518
141248,-0.22041752934455872
141312,-0.48222383856773376
141376,-0.05367323383688927
141440,-0.5389080047607422
141504,-0.49466726183891296
141568,-0.053147464990615845
141632,0.3445241451263428
141696,-0.30296599864959717
141760,-0.17529550194740295
141824,-0.7850638628005981
141888,-0.2545243501663208
141952,0.14241671562194824
142016,1.1633529663085938
142080,0.5086044073104858
142144,0.3336558938026428
142208,-0.2868577837944031
142272,1.0288933515548706
142336,-0.5970737338066101
142400,-0.11896761506795883
142464,-0.2805958390235901
142528,-0.12941378355026245
142592,0.30987435579299927
142656,0.2950427234172821
142720,0.5806283950805664
142784,-0.38645872473716736
142848,0.00915730744600296
142912,0.5848426222801208
142976,0.23883016407489777
143040,0.7671152949333191
143104,0.027034327387809753
143168,1.1202677488327026
143232,-0.0930815041065216
143296,0.1643429547548294
143360,-0.12634840607643127
143424,-0.1408529132604599
143488,-0.5418555736541748
143552,-0.47246259450912476
143616,-0.4327148199081421
143680,-0.09400623291730881
143744,0.4420342445373535
143808,-0.6496362686157227
143872,-0.8560031652450562
143936,-0.6240830421447754
144000,-0.4269073009490967
144064,0.5639310479164124
144128,0.5350257754325867
144192,0.2829062044620514
144256,-0.7111904621124268
144320,-0.508724570274353
144384,0.29811182618141174
144448,-0.06545501202344894
144512,0.1101732850074768
144576,-0.40866872668266296
144640,0.34479403495788574
144704,0.07803131639957428
144768,-0.05931220203638077
144832,-0.15047995746135712
144896,0.14384078979492188
144960,0.5713760852813721
145024,0.6390808820724487
145088,-0.8821637630462646
145152,-0.2791742980480194
145216,-0.6546297073364258
145280,-1.0654577016830444
145344,-0.13990680873394012
145408,-0.5671699643135071
145472,-0.495707631111145
145536,-0.4531986713409424
145600,-0.212718203663826
145664,-0.2225990891456604
145728,0.341124564409256
145792,0.20412418246269226
145856,-0.15842559933662415
145920,-0.47230273485183716
145984,0.05612531304359436
146048,0.8739004135131836
146112,-0.2541120946407318
146176,0.1695500612258911
146240,-0.20086893439292908
146304,-0.3050383925437927
146368,0.470986008644104
146432,-0.5822709798812866
146496,-0.21335946023464203
146560,0.411220520734787
146624,-0.09951741993427277
146688,-0.3024255931377411
146752,0.2445562481880188
146816,-0.22853046655654907
146880,0.6063557267189026
146944,0.01563084125518799
147008,0.07939250767230988
147072,-1.1665807962417603
147136,0.5390663743019104
147200,-0.34403061866760254
147264,0.5435205698013306
147328,-0.19153422117233276
147392,0.38497620820999146
147456,-0.7642744183540344
147520,-0.04432319104671478
147584,-0.10440173745155334
147648,0.14748482406139374
147712,-0.549714982509613
147776,-0.15348666906356812
147840,-0.39865317940711975
147904,0.26975777745246887
147968,-0.23018547892570496
148032,1.6057454347610474
148096,-0.6425932049751282
148160,-0.3780367374420166
148224,0.2572472393512726
148288,1.4219335317611694
148352,0.5704817771911621
148416,-0.45986902713775635
148480,-0.2951006293296814
148544,-0.5681838393211365
148608,-0.14065922796726227
148672,0.03854870796203613
148736,0.5739837884902954
148800,0.6920731067657471
148864,0.2709684669971466
148928,-0.3942910432815552
148992,-0.0065221041440963745
149056,0.14636681973934174
149120,0.24016173183918
149184,-0.07006144523620605
149248,-0.6074048280715942
149312,-0.062503382563591
149376,-0.08462563157081604
149440,0.07487748563289642
149504,0.17046642303466797
149568,-0.1532311737537384
149632,0.46744951605796814
149696,0.11137764155864716
149760,-1.0165095329284668
149824,-0.44958019256591797
149888,-0.4260713756084442
149952,0.09524029493331909
150016,0.8941843509674072
150080,-0.021390005946159363
150144,1.067579746246338
150208,0.10514568537473679
150272,0.7625593543052673
150336,0.3910680413246155
150400,0.276469349861145
150464,-0.3151005506515503
150528,-0.4263680577278137
150592,-0.28348562121391296
150656,0.6178010702133179
150720,0.2642197608947754
150784,0.1643761843442917
150848,-0.3452655076980591
150912,-0.24206967651844025
150976,-0.11509398370981216
151040,1.2329456806182861
151104,-0.4853786528110504
151168,-0.8314659595489502
151232,0.5541455149650574
151296,0.5638685822486877
151360,-1.253774881362915
151424,-1.0244266986846924
151488,0.4819905757904053
151552,0.18176621198654175
151616,-0.4859936535358429
151680,0.5971373319625854
151744,-0.17958727478981018
151808,0.12344733625650406
151872,0.06634222716093063
151936,-0.4262624680995941
152000,-0.44398653507232666
152064,-0.17369051277637482
152128,0.9986101388931274
152192,-0.30139052867889404
152256,0.5259173512458801
152320,0.22841063141822815
152384,0.0188654363155365
152448,0.2027301788330078
152512,-0.3943089544773102
152576,-0.6666298508644104
152640,0.33652305603027344
152704,0.8698021173477173
152768,0.6047910451889038
152832,-0.7110506296157837
152896,0.6655097603797913
152960,-0.4668801724910736
153024,1.293771505355835
153088,-0.6864152550697327
153152,-0.538589596748352
153216,0.27540406584739685
153280,0.3225841522216797
153344,0.311128705739975
153408,-0.4617445766925812
153472,-0.2214760035276413
153536,-0.1641063541173935
153600,0.5043710470199585
153664,0.8001698851585388
153728,-0.4209277927875519
153792,-0.07858141511678696
153856,-0.36174267530441284
153920,-0.6206398010253906
153984,-0.20143377780914307
154048,1.3095476627349854
154112,0.10677313059568405
154176,0.29960936307907104
154240,0.4402758777141571
154304,0.385679692029953
154368,-0.026859626173973083
154432,0.3104410767555237
154496,-0.7553016543388367
154560,0.5037167072296143
154624,-0.4031091332435608
154688,-0.2695904076099396
154752,-0.3911004662513733
154816,0.17625285685062408
154880,1.1462162733078003
154944,-0.42888399958610535
155008,0.7803910374641418
155072,0.5854557156562805
155136,0.0680164024233818
155200,0.29727721214294434
155264,0.9260789155960083
155328,-0.17607946693897247
155392,0.3848664164543152
155456,-0.06148448586463928
155520,0.18035176396369934
155584,-0.38727232813835144
155648,-0.23435336351394653
155712,-0.11894212663173676
155776,0.0656321793794632
155840,-0.6492982506752014
155904,0.9878057837486267
155968,-0.37359708547592163
156032,0.911086916923523
156096,-0.2947871685028076
156160,0.906533420085907
156224,-0.3953385353088379
156288,0.6482008695602417
156352,0.5682976841926575
156416,0.3674267828464508
156480,-0.6763416528701782
156544,0.3311128616333008
156608,-0.031474411487579346
156672,0.06634420156478882
156736,-0.5867622494697571
156800,-0.2805411219596863
156864,-0.2845582962036133
156928,0.13133995234966278
156992,0.3686346709728241
157056,1.257638692855835
157120,-0.46247610449790955
157184,0.130469411611557
157248,0.15503278374671936
157312,0.05715056508779526
157376,0.28698471188545227
157440,0.3190320134162903
157504,0.9856504797935486
157568,-0.20266051590442657
157632,0.17847558856010437
157696,-0.07801841199398041
157760,-0.24057161808013916
157824,-0.16967424750328064
157888,0.9330396056175232
157952,0.2900158166885376
158016,1.32267427444458
158080,0.9616610407829285
158144,-0.8282745480537415
158208,0.3491702675819397
158272,0.6259470582008362
158336,-0.16794489324092865
158400,0.1863533854484558
158464,0.272270530462265
158528,-0.3285486400127411
158592,-0.4527854919433594
158656,1.0077123641967773
158720,-0.7671594619750977
158784,0.32470160722732544
158848,0.026422031223773956
158912,-0.1562003791332245
158976,-0.3812360465526581
159040,1.158987045288086
159104,-0.3859822154045105
159168,0.1941835731267929
159232,-0.14076516032218933
159296,-0.20029646158218384
159360,0.48071059584617615
159424,-0.08799189329147339
159488,-0.24313361942768097
159552,-0.16290433704853058
159616,-0.5755022764205933
159680,0.23858411610126495
159744,-0.23771947622299194
159808,0.43086713552474976
159872,-0.37319350242614746
159936,0.35438358783721924
160000,-0.07668501138687134
160064,1.3485866785049438
160128,-0.4400503933429718
160192,0.7653116583824158
160256,-0.18179987370967865
160320,0.009345948696136475
160384,0.4249808192253113
160448,0.13931913673877716
160512,-0.1488569676876068
160576,0.3414912521839142
160640,0.11799973249435425
160704,-0.4526025354862213
160768,0.13108421862125397
160832,-0.8548809885978699
160896,-0.4284358620643616
160960,0.10413575172424316
161024,0.8836084604263306
161088,0.8525230884552002
161152,-0.8671879768371582
161216,0.6532983183860779
161280,0.49963271617889404
161344,0.08108003437519073
161408,-0.23877134919166565
161472,1.4788018465042114
161536,-0.09051726758480072
161600,0.6826715469360352
161664,-0.20306837558746338
161728,0.588385283946991
161792,-0.1451507806777954
161856,0.24846243858337402
161920,1.3036258220672607
161984,0.927274227142334
162048,1.3257381916046143
162112,-0.3110491633415222
162176,-0.47288376092910767
162240,1.1399681568145752
162304,2.064150810241699
162368,0.2132013440132141
162432,0.25288304686546326
162496,0.07072830200195312
162560,0.5975910425186157
162624,0.8030574321746826
162688,0.8320525884628296
162752,0.5228273868560791
162816,0.4830872118473053
162880,-1.038677453994751
162944,0.675911009311676
163008,-0.16327901184558868
163072,-0.22183582186698914
163136,-0.11660687625408173
163200,1.1909124851226807
163264,-0.13959640264511108
163328,-0.9682742953300476
163392,0.1316029280424118
163456,0.06339305639266968
163520,-0.5541460514068604
163584,0.9023860096931458
163648,0.34093964099884033
163712,0.3114348351955414
163776,0.08735909312963486
163840,1.1083283424377441
163904,1.8415350914001465
163968,-0.22011061012744904
164032,1.5733951330184937
164096,-0.43441158533096313
164160,-0.20264163613319397
164224,1.4252498149871826
164288,0.3127174377441406
164352,-0.9184291958808899
164416,1.0179057121276855
164480,-0.2617141604423523
164544,0.36014842987060547
164608,-0.3389052450656891
164672,0.4043136239051819
164736,0.6530667543411255
164800,-0.01889580488204956
164864,0.12744037806987762
164928,0.08688504248857498
164992,0.7129778861999512
165056,0.5191232562065125
165120,0.054606158286333084
165184,-0.5757304430007935
165248,-0.12272641062736511
165312,-0.4975908100605011
165376,-0.023717001080513
165440,0.041793666779994965
165504,-0.7217164039611816
165568,-0.06695502996444702
165632,-0.5968631505966187
165696,0.5238306522369385
165760,-0.2626451253890991
165824,0.13982930779457092
165888,-0.21179552376270294
165952,0.1892509162425995
166016,0.05515846610069275
166080,-0.5955668687820435
166144,0.2401934415102005
166208,-0.8790014982223511
166272,-0.2725988030433655
166336,-0.46656274795532227
166400,-0.752795398235321
166464,0.4653239846229553
166528,0.22928723692893982
166592,-0.6468526124954224
166656,-0.5462008714675903
166720,0.23856724798679352
166784,0.972963809967041
166848,0.2991602420806885
166912,0.47447389364242554
166976,-0.2213892638683319
167040,0.3785378038883209
167104,1.0583431720733643
167168,-0.7020729184150696
167232,-0.8780974745750427
167296,0.1986754983663559
167360,0.5327664613723755
167424,-0.20365962386131287
167488,-0.8557981252670288
167552,-0.08267763257026672
167616,-1.2040576934814453
167680,0.6983385682106018
167744,-0.5271282196044922
167808,-0.0824526846408844
167872,-0.17055600881576538
167936,-0.2881203889846802
168000,0.11787006258964539
168064,0.45712417364120483
168128,1.2132986783981323
168192,1.3424267768859863
168256,-0.5363115072250366
168320,-0.4808817207813263
168384,0.7735253572463989
168448,0.5605999231338501
168512,-0.9472030401229858
168576,-0.8630757331848145
168640,-1.48720121383667
168704,0.23928700387477875
168768,-0.37127357721328735
168832,1.9036375284194946
168896,0.18765568733215332
168960,0.1248369812965393
169024,-0.21576976776123047
169088,1.1045198440551758
169152,0.4916341304779053
169216,0.6937105655670166
169280,0.3785472810268402
169344,-0.0750974714756012
169408,-0.330528199672699
169472,-0.17070181667804718
169536,0.1287035197019577
169600,-0.07530589401721954
169664,-0.41624152660369873
169728,1.7420450448989868
169792,-0.1780497431755066
169856,0.34771522879600525
169920,0.36608725786209106
169984,0.18512970209121704
170048,2.6017894744873047
170112,0.24989105761051178
170176,0.032564930617809296
170240,1.0078805685043335
170304,-0.025522269308567047
170368,1.485308289527893
170432,1.0843682289123535
170496,0.06667658686637878
170560,-0.9515689611434937
170624,-0.5034688115119934
170688,0.7604987621307373
170752,1.022631049156189
170816,0.34573841094970703
170880,-0.46089133620262146
170944,-0.25837284326553345
171008,0.8580213785171509
171072,-0.5571819543838501
171136,-0.7247288823127747
171200,0.1719767302274704
171264,0.13761179149150848
171328,-0.09623457491397858
171392,1.1888916492462158
171456,-0.22958311438560486
171520,0.33282995223999023
171584,0.4851505756378174
171648,1.2235748767852783
171712,1.117944598197937
171776,1.2906773090362549
171840,0.33453133702278137
171904,-0.11036527156829834
171968,0.10090003907680511
172032,1.3071980476379395
172096,-0.25090399384498596
172160,1.1800731420516968
172224,0.09280788898468018
172288,-0.7291243076324463
172352,0.9612183570861816
172416,0.2682115435600281
172480,0.27273645997047424
172544,1.0000122785568237
172608,1.2635345458984375
172672,1.0145647525787354
172736,-0.24961408972740173
172800,-0.024854019284248352
172864,-0.056629471480846405
172928,0.5420100092887878
172992,0.6474206447601318
173056,0.4381331205368042
173120,-0.038033269345760345
173184,0.6116690635681152
173248,0.3474618196487427
173312,0.6755315661430359
173376,0.6127216219902039
173440,-1.563598394393921
173504,-0.3807328939437866
173568,1.4654192924499512
173632,-0.004927188158035278
173696,-0.4429686963558197
173760,-0.14993974566459656
173824,0.10743662714958191
173888,-0.004322320222854614
173952,-0.1414032280445099
174016,1.3007900714874268
174080,-0.6298206448554993
174144,-0.5571197271347046
174208,1.070104718208313
174272,0.08814956247806549
174336,-0.4596637785434723
174400,-0.4980342984199524
174464,0.10397237539291382
174528,0.3514942526817322
174592,-0.039783358573913574
174656,-0.0621245801448822
174720,0.24434831738471985
174784,-0.7727335095405579
174848,0.36380523443222046
174912,-0.6538659930229187
174976,-0.5055601596832275
175040,1.441102385520935
175104,0.703330397605896
175168,0.2114235758781433
175232,0.2803787589073181
175296,0.5806949734687805
175360,0.323727548122406
175424,0.7833628058433533
175488,0.261128693819046
175552,-0.3180693984031677
175616,-0.8908242583274841
175680,0.12759709358215332
175744,-0.9410351514816284
175808,-0.5210793614387512
175872,0.6349655985832214
175936,-0.6490908861160278
176000,0.2607397437095642
176064,-0.48711657524108887
176128,-0.11478585749864578
176192,1.3814321756362915
176256,0.6766452789306641
176320,-0.7420613765716553
176384,-0.3226243853569031
176448,-0.5229799151420593
176512,-0.4006255269050598
176576,-0.36056458950042725
176640,-0.6880106925964355
176704,0.13543476164340973
176768,-0.2315603792667389
176832,0.24952131509780884
176896,0.2513903081417084
176960,0.019674167037010193
177024,1.732124924659729
177088,-0.28311920166015625
177152,-0.6091781258583069
177216,0.2946193516254425
177280,-0.6010504961013794
177344,0.8339883685112
177408,0.776782751083374
177472,0.4740171432495117
177536,-0.13427624106407166
177600,-0.27766937017440796
177664,0.6645910739898682
177728,-0.17389826476573944
177792,-0.8251157999038696
177856,1.3669427633285522
177920,0.04213382303714752
177984,-1.016939401626587
178048,0.4730376601219177
178112,0.2801380753517151
178176,-0.31517937779426575
178240,-0.1931190937757492
178304,0.44538068771362305
178368,-0.3860314190387726
178432,-0.1490086168050766
178496,-0.026461556553840637
178560,-0.686278223991394
178624,-0.2343418002128601
178688,0.09990502148866653
178752,-0.5956606268882751
178816,-0.048129841685295105
178880,0.8337746858596802
178944,0.37003540992736816
179008,1.686469316482544
179072,0.024007290601730347
179136,1.1615437269210815
179200,0.10050299763679504
179264,-0.30156391859054565
179328,-0.0853203535079956
179392,0.29967498779296875
179456,0.43204793334007263
179520,0.5735111832618713
179584,0.1677134782075882
179648,-0.37042832374572754
179712,0.4334107041358948
179776,-0.09337393939495087
179840,0.816161036491394
179904,0.5041033029556274
179968,1.1137652397155762
180032,1.6746107339859009
180096,-0.7744543552398682
180160,0.09493580460548401
180224,1.471994161605835
180288,-0.03156106173992157
180352,-0.3229596018791199
180416,-0.06380676478147507
180480,-0.9614264369010925
180544,0.502264142036438
180608,-0.9981361031532288
180672,0.39950597286224365
180736,0.7271078824996948
180800,0.7496367692947388
180864,0.6754745244979858
180928,0.44850751757621765
180992,0.4839172065258026
181056,0.2485632449388504
181120,0.4249156713485718
181184,-0.32398709654808044
181248,0.03596316650509834
181312,-0.7069132328033447
181376,-0.39623284339904785
181440,1.0919041633605957
181504,-0.5136582255363464
181568,-0.5175179243087769
181632,0.4432474970817566
181696,0.9423930644989014
181760,0.18988341093063354
181824,1.250101923942566
181888,-0.5202391147613525
181952,0.012121826410293579
182016,-0.19931283593177795
182080,0.5886868238449097
182144,-0.6020656228065491
182208,-0.2684706151485443
182272,1.4470012187957764
182336,1.6387532949447632
182400,0.3479257822036743
182464,-0.30195116996765137
182528,0.39253872632980347
182592,-0.22262975573539734
182656,-0.03288424015045166
182720,-0.6382596492767334
182784,0.47281932830810547
182848,0.04607624188065529
182912,0.03451324999332428
182976,0.3365141749382019
183040,0.8125012516975403
183104,0.12976385653018951
183168,0.39631545543670654
183232,-0.27286386489868164
183296,0.6818167567253113
183360,-0.8901515603065491
183424,0.4712773561477661
183488,-0.8723770976066589
183552,0.8378670811653137
183616,0.9905116558074951
183680,0.5782404541969299
183744,0.009721547365188599
183808,-0.845224916934967
183872,0.1615600883960724
183936,0.1029670238494873
184000,0.7276656627655029
184064,0.017015911638736725
184128,1.0460560321807861
184192,0.1505732536315918
184256,-0.43197041749954224
184320,0.5693312287330627
184384,0.40053287148475647
184448,0.6498802900314331
184512,0.6022915840148926
184576,-0.5646958351135254
184640,0.053468819707632065
184704,0.14592888951301575
184768,0.12736423313617706
184832,0.10140199959278107
184896,-0.029801607131958008
184960,0.41129767894744873
185024,1.311390995979309
185088,0.5542075037956238
185152,-0.8840526342391968
185216,-0.36819732189178467
185280,1.557690978050232
185344,-0.1845594197511673
185408,0.48402902483940125
185472,0.8777134418487549
185536,0.6406174898147583
185600,0.5686619281768799
185664,0.3836100697517395
185728,-0.21054451167583466
185792,1.6500868797302246
185856,0.30101510882377625
185920,-0.38428300619125366
185984,0.41168463230133057
186048,0.31167304515838623
186112,0.45499154925346375
186176,0.0029875487089157104
186240,-1.1739258766174316
186304,-0.012699097394943237
186368,0.15035301446914673
186432,0.6237565875053406
186496,-0.5071032643318176
186560,0.41339340806007385
186624,0.5090268850326538
186688,1.5914260149002075
186752,-0.6155722141265869
186816,0.2944079637527466
186880,0.10343042016029358
186944,0.21204841136932373
187008,0.4079074263572693
187072,-0.24362199008464813
187136,-0.7384716272354126
187200,0.02954767644405365
187264,-0.02235766500234604
187328,-0.254882276058197
187392,-0.5711565613746643
187456,-0.07463979721069336
187520,0.15023311972618103
187584,-0.4151804745197296
187648,-0.06836583465337753
187712,0.8398964405059814
187776,-0.4799038767814636
187840,0.34131139516830444
187904,-0.9086500406265259
187968,-0.006620347499847412
188032,-0.22693662345409393
188096,0.6419247984886169
188160,-0.6761443614959717
188224,0.2823059558868408
188288,0.10397417843341827
188352,-0.2738146483898163
188416,-0.11119017004966736
188480,-0.17595228552818298
188544,0.36197999119758606
188608,0.3822197914123535
188672,0.39342427253723145
188736,0.3250637650489807
188800,-0.41697075963020325
188864,0.37687432765960693
188928,0.4585937261581421
188992,0.2378683090209961
189056,-0.39744308590888977
189120,1.1841284036636353
189184,-0.04695093631744385
189248,-0.7917426824569702
189312,0.2171066701412201
189376,-0.2719630002975464
189440,-0.6611822843551636
189504,0.18268197774887085
189568,0.14065809547901154
189632,0.20603320002555847
189696,-0.5034002065658569
189760,-0.2156582623720169
189824,-0.08045072108507156
189888,0.5434173941612244
189952,-0.5641929507255554
190016,0.5623287558555603
190080,0.06916075944900513
190144,-0.5793227553367615
190208,-0.6390054821968079
190272,1.2620203495025635
190336,-1.0931682586669922
190400,-0.1907227635383606
190464,0.13814029097557068
190528,-0.644892692565918
190592,-1.2332102060317993
190656,-0.48605990409851074
190720,1.4446016550064087
190784,0.09213440865278244
190848,-0.35122358798980713
190912,-0.6550220251083374
190976,-0.6075955629348755
191040,0.795487642288208
191104,0.6675524115562439
191168,0.43087148666381836
191232,0.5147086977958679
191296,0.1578390747308731
191360,-0.1199977695941925
191424,-0.06843030452728271
191488,0.03912031650543213
191552,0.9687447547912598
191616,-0.053920648992061615
191680,0.17991481721401215
191744,0.42255041003227234
191808,-0.028100013732910156
191872,1.570724368095398
191936,0.25292328000068665
192000,1.0399333238601685
192064,-0.38204729557037354
192128,0.438160240650177
192192,-0.6350728273391724
192256,-0.4333212375640869
192320,-1.218099594116211
192384,0.502219021320343
192448,0.4803866744041443
192512,-0.13482117652893066
192576,0.7954028248786926
192640,0.5146579742431641
192704,0.08695726096630096
192768,0.29866859316825867
192832,1.1637600660324097
192896,-0.13231053948402405
192960,0.00844457745552063
193024,1.3451735973358154
193088,0.2175515592098236
193152,-0.29240065813064575
193216,-0.060044191777706146
193280,0.636172354221344
193344,0.3359658718109131
193408,0.1922944039106369
193472,0.17736150324344635
193536,0.17143306136131287
193600,-0.19847287237644196
193664,1.2560534477233887
193728,-0.2764275372028351
193792,-0.5635232925415039
193856,0.34412890672683716
193920,-0.6090971231460571
193984,0.3526063859462738
194048,0.20217804610729218
194112,-0.02691580355167389
194176,0.030354097485542297
194240,0.088233083486557
194304,0.17677776515483856
194368,-0.24553650617599487
194432,-0.009352415800094604
194496,0.5968019962310791
194560,0.05702775716781616
194624,0.11316892504692078
194688,0.3512507975101471
194752,0.2454628348350525
194816,0.9150751829147339
194880,-0.1426168531179428
194944,-0.11248411238193512
195008,1.5663598775863647
195072,0.20604655146598816
195136,0.8214571475982666
195200,0.15510621666908264
195264,1.6157766580581665
195328,0.41748613119125366
195392,-0.07880280166864395
195456,0.10594004392623901
195520,-0.4468145966529846
195584,-0.4506617784500122
195648,0.01779794692993164
195712,0.24443769454956055
195776,-0.13754737377166748
195840,-0.30423325300216675
195904,0.1022215262055397
195968,-0.4445599615573883
196032,0.7179365158081055
196096,-0.48831188678741455
196160,-0.41514337062835693
196224,0.1468593180179596
196288,0.23610204458236694
196352,-0.47805532813072205
196416,1.2341134548187256
196480,0.09021985530853271
196544,0.03727090358734131
196608,-0.1851658821105957
196672,0.944460928440094
196736,-0.5648792386054993
196800,-0.713857889175415
196864,-0.9286888241767883
196928,-0.1782347410917282
196992,-0.1294066160917282
197056,1.1035022735595703
197120,0.5355879664421082
197184,-0.48320794105529785
197248,-0.11728401482105255
197312,-1.2480112314224243
197376,0.7313615083694458
197440,-0.8364726901054382
197504,-0.4814853072166443
197568,1.3882731199264526
197632,1.2320644855499268
197696,0.026944398880004883
197760,-0.3444720506668091
197824,-0.8727554678916931
197888,-0.4082231819629669
197952,-0.07985718548297882
198016,1.1632112264633179
198080,1.088419795036316
198144,-0.3762083649635315
198208,-0.35968121886253357
198272,0.22645455598831177
198336,-0.2411240041255951
198400,0.19970756769180298
198464,0.014363080263137817
198528,0.018724292516708374
198592,-0.1203928142786026
198656,0.012396454811096191
198720,0.06425998359918594
198784,-0.12840411067008972
198848,-0.11974090337753296
198912,0.35541263222694397
198976,-0.17749735713005066
199040,1.0269440412521362
199104,-0.28921085596084595
199168,-0.1595398187637329
199232,-0.7157436609268188
199296,-0.4571117162704468
199360,0.02207036316394806
199424,0.7252832651138306
199488,-0.9472329616546631
199552,0.5402696132659912
199616,0.260303258895874
199680,-0.10093283653259277
199744,-0.5556738376617432
199808,-0.42617732286453247
199872,-0.6822208762168884
199936,0.4701230525970459
200000,0.5404460430145264
200064,0.28530627489089966
200128,0.3115805387496948
200192,0.7101274728775024
200256,0.5795178413391113
200320,-0.5382062792778015
200384,-0.6856353878974915
200448,0.130588099360466
200512,-0.17004066705703735
200576,-0.1911415010690689
200640,0.023584503680467606
200704,0.18993109464645386
200768,0.9128410816192627
200832,-0.18968993425369263
200896,-0.17886096239089966
200960,0.2758426070213318
201024,-0.23747290670871735
201088,-0.1361737847328186
201152,-1.2238187789916992
201216,-0.48980721831321716
201280,0.5792319774627686
201344,-1.90556001663208
201408,-0.3847891688346863
201472,-1.4630842208862305
201536,-0.20764848589897156
201600,-0.5968841910362244
201664,-1.060516119003296
201728,0.20980623364448547
201792,-0.8603343367576599
201856,-0.21953706443309784
201920,0.18371239304542542
201984,-0.1432715356349945
202048,0.6482178568840027
202112,-0.3179285526275635
202176,0.3357433080673218
202240,-0.30797117948532104
202304,-0.36421939730644226
202368,-0.509842574596405
202432,-0.400504469871521
202496,0.18014788627624512
202560,-0.043274760246276855
202624,-0.11650382727384567
202688,-0.11236798763275146
202752,0.41006916761398315
202816,-0.270143985748291
202880,-0.4832586646080017
202944,0.13860297203063965
203008,1.3877753019332886
203072,0.07168471813201904
203136,-0.15088719129562378
203200,0.5702553987503052
203264,0.33492806553840637
203328,0.3882333040237427
203392,0.2187550663948059
203456,1.1893839836120605
203520,-0.10941588878631592
203584,0.021224454045295715
203648,0.16347074508666992
203712,-0.16003233194351196
203776,-0.8095749020576477
203840,0.5021612048149109
203904,-0.2851332724094391
203968,0.8087588548660278
204032,0.07961028814315796
204096,-0.7498428821563721
204160,0.2967323362827301
204224,0.3410731554031372
204288,-0.03430844843387604
204352,-0.13957208395004272
204416,0.47187089920043945
204480,0.4590586721897125
204544,0.9634926319122314
204608,-0.9610915184020996
204672,0.4276214838027954
204736,-0.2422696053981781
204800,0.10963350534439087
204864,1.288679838180542
204928,0.3328979015350342
204992,0.26343926787376404
205056,0.30518433451652527
205120,0.718551754951477
205184,-0.37632930278778076
205248,-0.6844354867935181
205312,-0.28685635328292847
205376,0.4169807434082031
205440,0.10330325365066528
205504,0.9113010764122009
205568,-0.7209856510162354
205632,-0.5451148152351379
205696,0.49107638001441956
205760,-0.16357457637786865
205824,0.001390695571899414
205888,-0.5489671230316162
205952,-0.16351984441280365
206016,0.7096060514450073
206080,0.9790281057357788
206144,-0.2542960047721863
206208,-0.40995749831199646
206272,0.9156451225280762
206336,0.4597432613372803
206400,-0.5157355070114136
206464,-0.2737848162651062
206528,0.18506279587745667
206592,0.8739928007125854
206656,0.689583420753479
206720,-0.80777907371521
206784,0.3291664123535156
206848,0.6497159004211426
206912,-0.25913262367248535
206976,-0.3684885799884796
207040,1.8453295230865479
207104,0.5033958554267883
207168,1.138856291770935
207232,-0.40880781412124634
207296,-0.026059910655021667
207360,0.3319810628890991
207424,0.6700756549835205
207488,1.0234967470169067
207552,-0.3916029930114746
207616,-0.07113794982433319
207680,0.16832175850868225
207744,0.15939074754714966
207808,0.20258399844169617
207872,-0.5102413296699524
207936,0.34878796339035034
208000,0.18867093324661255
208064,0.740033745765686
208128,1.0489217042922974
208192,0.47487872838974
208256,0.3390975296497345
208320,0.3977805972099304
208384,0.727258563041687
208448,0.43851423263549805
208512,0.7295918464660645
208576,-0.6528957486152649
208640,0.38185426592826843
208704,0.07376082241535187
208768,0.5321319699287415
208832,-0.029223695397377014
208896,0.8104006052017212
208960,0.660818874835968
209024,0.3465082347393036
209088,0.30322450399398804
209152,0.24607931077480316
209216,0.09155222773551941
209280,-0.9554297924041748
209344,-0.47265827655792236
209408,-0.3446460962295532
209472,-0.7863284349441528
209536,-0.1476355642080307
209600,0.34470415115356445
209664,-0.542085587978363
209728,0.8611525893211365
209792,-0.27421653270721436
209856,0.8025520443916321
209920,-0.15022963285446167
209984,0.6794843673706055
210048,1.1103060245513916
210112,-0.785957932472229
210176,0.33052557706832886
210240,0.5377374887466431
210304,0.4568641781806946
210368,1.61918306350708
210432,-0.28382617235183716
210496,0.404507577419281
210560,0.48961278796195984
210624,0.9358457922935486
210688,-0.1539771556854248
210752,0.554185688495636
210816,0.09516710042953491
210880,-0.7536717653274536
210944,-0.25642842054367065
211008,0.0002808496356010437
211072,-0.3413059711456299
211136,0.5561736822128296
211200,0.4226788878440857
211264,0.3197358548641205
211328,0.26313313841819763
211392,-1.2984367609024048
211456,-1.3093682527542114
211520,-0.19223573803901672
211584,0.08661280572414398
211648,0.988922119140625
211712,-0.24105817079544067
211776,-0.8578356504440308
211840,-1.1844319105148315
211904,1.2717849016189575
211968,-0.2130185067653656
212032,-0.1909082531929016
212096,0.5642796158790588
212160,0.19422873854637146
212224,0.1199713945388794
212288,0.18426841497421265
212352,-0.10589741170406342
212416,-0.0783272236585617
212480,-0.30170387029647827
212544,0.46752992272377014
212608,0.10292547196149826
212672,-0.5720782279968262
212736,0.4890894293785095
212800,-0.6574546098709106
212864,-0.06084525212645531
212928,0.5214592814445496
212992,-0.6564418077468872
213056,0.07747553288936615
213120,0.3261357545852661
213184,-0.507424533367157
213248,-0.822772741317749
213312,-0.053014617413282394
213376,0.5992657542228699
213440,-0.3208439350128174
213504,0.2999298572540283
213568,-0.16292279958724976
213632,-0.20246988534927368
213696,0.5229413509368896
213760,-0.5471764206886292
213824,0.2097228318452835
213888,-0.034387484192848206
213952,-0.5791059136390686
214016,0.4403383135795593
214080,-1.1412333250045776
214144,0.20705413818359375
214208,0.04210647940635681
214272,-0.01166883111000061
214336,0.6669343709945679
214400,-0.666748046875
214464,-0.5172171592712402
214528,-0.2665719985961914
214592,-0.30269110202789307
214656,0.2153605818748474
214720,0.7091460227966309
214784,-0.40092071890830994
214848,0.5810127258300781
214912,1.087956428527832
214976,0.21255037188529968
215040,1.1607892513275146
215104,-0.06967169046401978
215168,0.12906414270401
215232,0.4457327425479889
215296,0.3441349267959595
215360,0.8468143939971924
215424,1.1774437427520752
215488,0.19698119163513184
215552,-0.19113308191299438
215616,-0.2857731282711029
215680,-0.5018647909164429
215744,-0.3948206305503845
215808,-0.3182013928890228
215872,0.2024526596069336
215936,0.3643735945224762
216000,0.6597698926925659
216064,-0.34642285108566284
216128,-0.9210814237594604
216192,-1.14277982711792
216256,0.7978051900863647
216320,0.03303813189268112
216384,0.07986139506101608
216448,1.4943256378173828
216512,0.10937247425317764
