64,-0.009416267275810242
128,-0.046891018748283386
192,0.20800404250621796
256,0.1701892912387848
320,-0.10444076359272003
384,-0.08625051379203796
448,-0.18211928009986877
512,0.20754806697368622
576,-0.196885347366333
640,-0.2395452857017517
704,0.12589851021766663
768,0.2681851387023926
832,-0.36352768540382385
896,0.19991062581539154
960,0.014101654291152954
1024,-0.13987234234809875
1088,-0.017435915768146515
1152,-0.14847512543201447
1216,-0.06808558106422424
1280,0.0911756306886673
1344,0.07821235060691833
1408,-0.3453221321105957
1472,-0.3012082278728485
1536,0.07182765007019043
1600,0.14837539196014404
1664,-0.04927323758602142
1728,-0.11973263323307037
1792,0.006804019212722778
1856,0.012372560799121857
1920,0.03366551548242569
1984,-0.2231149673461914
2048,-0.24800536036491394
2112,-0.0071649253368377686
2176,-0.23032592236995697
2240,0.10693836212158203
2304,0.0724024698138237
2368,0.1440260410308838
2432,0.2672428488731384
2496,0.21654000878334045
2560,0.16837534308433533
2624,-0.2891635596752167
2688,0.09831619262695312
2752,-0.14103277027606964
2816,0.4290542006492615
2880,0.05387037992477417
2944,0.17615149915218353
3008,0.2368004024028778
3072,-0.029920130968093872
3136,-0.022977128624916077
3200,-0.33664482831954956
3264,0.18138433992862701
3328,0.1716364473104477
3392,0.07323983311653137
3456,-0.2092641294002533
3520,-0.005427449941635132
3584,-0.09114399552345276
3648,-0.08808864653110504
3712,-0.3092292547225952
3776,-0.17979830503463745
3840,-0.005841903388500214
3904,0.14356538653373718
3968,-0.12025386095046997
4032,-0.2579711675643921
4096,0.2614515721797943
4160,-0.021613866090774536
4224,0.20815284550189972
4288,-0.06048358231782913
4352,0.1403276026248932
4416,0.36610954999923706
4480,0.3778917193412781
4544,-0.0213422030210495
4608,0.20460768043994904
4672,0.3339167833328247
4736,0.33574557304382324
4800,-0.07487082481384277
4864,0.313341349363327
4928,0.07372647523880005
4992,-0.07818427681922913
5056,0.1925441026687622
5120,0.17959749698638916
5184,-0.14319586753845215
5248,-0.10753948986530304
5312,0.01267501711845398
5376,0.35413068532943726
5440,-0.07544028759002686
5504,0.28366202116012573
5568,0.07140856236219406
5632,0.4584346115589142
5696,-0.1665855348110199
5760,0.31020164489746094
5824,0.03345382213592529
5888,0.17273227870464325
5952,0.14195099472999573
6016,0.24663284420967102
6080,0.007649779319763184
6144,0.20761221647262573
6208,0.05794721096754074
6272,-0.0223227646201849
6336,-0.17082960903644562
6400,-0.07687975466251373
6464,0.38416537642478943
6528,0.016929537057876587
6592,-0.10115642100572586
6656,0.12994801998138428
6720,0.3411816656589508
6784,-0.03215394914150238
6848,0.04467777907848358
6912,-0.018098413944244385
6976,-0.10566259920597076
7040,-0.24477824568748474
7104,-0.13922640681266785
7168,-0.1404811143875122
7232,0.03666038066148758
7296,0.26128724217414856
7360,0.014671191573143005
7424,-0.17188392579555511
7488,0.01908530294895172
7552,0.2553356885910034
7616,0.2666669487953186
7680,0.08009366691112518
7744,0.16542091965675354
7808,-0.034213632345199585
7872,-0.020104095339775085
7936,-0.14681048691272736
8000,0.14780445396900177
8064,-0.12492933869361877
8128,0.043139517307281494
8192,0.17460744082927704
8256,-0.24653974175453186
8320,0.012199744582176208
8384,-0.07117433845996857
8448,-0.618909478187561
8512,0.3039325773715973
8576,0.13701868057250977
8640,0.22580404579639435
8704,-0.07293671369552612
8768,0.03685934096574783
8832,0.2567393481731415
8896,-0.20292899012565613
8960,0.2454748898744583
9024,0.04880315810441971
9088,0.14328649640083313
9152,0.06384585797786713
9216,-0.007544398307800293
9280,-0.010517269372940063
9344,0.1263062059879303
9408,0.17155365645885468
9472,-0.00039740651845932007
9536,0.052185624837875366
9600,-0.19229334592819214
9664,0.0013102144002914429
9728,-0.017478816211223602
9792,-0.05202203243970871
9856,-0.07139736413955688
9920,0.02910958230495453
9984,0.0669657438993454
10048,0.19250982999801636
10112,0.028602048754692078
10176,-0.1860044300556183
10240,0.23696458339691162
10304,-0.05005897581577301
10368,-0.13247042894363403
10432,0.05561968684196472
10496,-0.1345096230506897
10560,0.011154860258102417
10624,0.028427034616470337
10688,0.1287028044462204
10752,0.13679015636444092
10816,0.08199332654476166
10880,-0.06417366862297058
10944,0.0815502405166626
11008,0.22331011295318604
11072,-0.08889523148536682
11136,0.2344171106815338
11200,0.13277234137058258
11264,0.07802616059780121
11328,0.11668872833251953
11392,0.13654030859470367
11456,0.4110526740550995
11520,0.2203204333782196
11584,0.14971452951431274
11648,-0.0792294442653656
11712,0.1540180742740631
11776,0.18684262037277222
11840,-0.38913506269454956
11904,0.0712706670165062
11968,-0.08753577619791031
12032,0.076307013630867
12096,-0.037037402391433716
12160,-0.058258265256881714
12224,0.20829978585243225
12288,0.2937915027141571
12352,-0.04350106418132782
12416,0.00774875283241272
12480,0.06490069627761841
12544,-0.14905214309692383
12608,-0.15729404985904694
12672,0.11060631275177002
12736,-0.27892163395881653
12800,-0.1401296854019165
12864,0.26406893134117126
12928,0.1408710777759552
12992,-0.14936377108097076
13056,-0.30688849091529846
13120,0.13131578266620636
13184,0.14542564749717712
13248,0.15579728782176971
13312,-0.21426784992218018
13376,-0.06251764297485352
13440,0.021758675575256348
13504,-0.050457537174224854
13568,0.2627900242805481
13632,0.3041565716266632
13696,0.19287654757499695
13760,-0.19726210832595825
13824,0.1476580947637558
13888,-0.04015497863292694
13952,-0.12104278802871704
14016,0.279117226600647
14080,-0.03852811083197594
14144,-0.13155359029769897
14208,0.10186518728733063
14272,-0.1442594677209854
14336,0.016963601112365723
14400,-0.21562746167182922
14464,0.28136157989501953
14528,0.027399830520153046
14592,0.3415040373802185
14656,0.1895999163389206
14720,0.00028607994318008423
14784,-0.1959911584854126
14848,-0.08544519543647766
14912,-0.13438017666339874
14976,-0.10329923033714294
15040,0.2950176000595093
15104,0.058344513177871704
15168,0.23111730813980103
15232,0.1297643780708313
15296,-0.022214405238628387
15360,-0.04740350693464279
15424,-0.2688865661621094
15488,-0.038041263818740845
15552,-0.180837020277977
15616,0.10283768177032471
15680,-0.30400002002716064
15744,0.03232237696647644
15808,0.12856999039649963
15872,0.38490962982177734
15936,0.01935853809118271
16000,0.30042576789855957
16064,0.03822508454322815
16128,-0.0773371011018753
16192,-0.3116391599178314
16256,-0.1334274262189865
16320,-0.3933607041835785
16384,0.09594938158988953
16448,0.030587226152420044
16512,0.008416295051574707
16576,0.07773308455944061
16640,0.02050168067216873
16704,0.08995211124420166
16768,0.29950594902038574
16832,0.17121237516403198
16896,0.2851630747318268
16960,-0.36636456847190857
17024,0.3341329097747803
17088,0.2243959754705429
17152,-0.021980181336402893
17216,0.4750291705131531
17280,-0.056516364216804504
17344,-0.001674562692642212
17408,-0.32848256826400757
17472,0.25333112478256226
17536,-0.09132714569568634
17600,0.2470482885837555
17664,-0.3527093827724457
17728,0.14801402390003204
17792,0.14585377275943756
17856,-0.1609753668308258
17920,0.11521409451961517
17984,-0.004542797803878784
18048,-0.0348544642329216
18112,0.24560852348804474
18176,-0.2362276315689087
18240,0.437662810087204
18304,-0.006628207862377167
18368,-0.046730101108551025
18432,-0.12365633994340897
18496,0.24225737154483795
18560,-0.21063941717147827
18624,-0.23455283045768738
18688,0.2245023548603058
18752,0.09715592861175537
18816,-0.03655441105365753
18880,0.2521167993545532
18944,0.17925424873828888
19008,0.497497022151947
19072,-0.18717212975025177
19136,-0.09183254092931747
19200,0.029262512922286987
19264,0.2346094250679016
19328,0.25736725330352783
19392,0.2811119258403778
19456,-0.07913058996200562
19520,-0.12061845511198044
19584,0.24664276838302612
19648,0.2730923891067505
19712,-0.3997659981250763
19776,0.34820735454559326
19840,0.11485667526721954
19904,-0.19414301216602325
19968,0.3356250822544098
20032,-0.19700366258621216
20096,-0.29420340061187744
20160,-0.0332341194152832
20224,-0.030666641891002655
20288,0.018977880477905273
20352,0.2608521580696106
20416,-0.3014376759529114
20480,-0.15665116906166077
20544,-0.0932384505867958
20608,-0.25192713737487793
20672,-0.07548803091049194
20736,-0.055756427347660065
20800,0.32611721754074097
20864,0.19957664608955383
20928,-0.15036985278129578
20992,-0.0848432183265686
21056,-0.1144876629114151
21120,-0.2942570745944977
21184,0.25787100195884705
21248,0.20138487219810486
21312,-0.05585296452045441
21376,-0.02671334147453308
21440,-0.1898883581161499
21504,0.349675714969635
21568,-0.11517518758773804
21632,-0.18950790166854858
21696,0.3928757607936859
21760,0.11958632618188858
21824,-0.11227117478847504
21888,-0.4505615234375
21952,-0.038274750113487244
22016,-0.15344193577766418
22080,-0.09703654795885086
22144,0.5309622883796692
22208,-0.0453183650970459
22272,0.21950285136699677
22336,0.193007230758667
22400,-0.4694003164768219
22464,-0.19384142756462097
22528,-0.08725255727767944
22592,-0.10372041165828705
22656,-0.0421910285949707
22720,0.22378140687942505
22784,0.28401052951812744
22848,-0.11556646227836609
22912,-0.13615237176418304
22976,-0.423164963722229
23040,0.02658785879611969
23104,-0.38042497634887695
23168,-0.10341997444629669
23232,-0.025983795523643494
23296,0.06006729602813721
23360,0.40023279190063477
23424,-0.0835016518831253
23488,-0.12530992925167084
23552,0.3640177845954895
23616,0.27047792077064514
23680,-0.13091029226779938
23744,-0.15327979624271393
23808,0.1521645486354828
23872,-0.11799358576536179
23936,-0.38979560136795044
24000,0.10374119877815247
24064,0.3820631206035614
24128,-0.10556632280349731
24192,-0.14096367359161377
24256,0.15896004438400269
24320,0.10326351225376129
24384,-0.14660701155662537
24448,-0.04579612612724304
24512,0.2721923589706421
24576,-0.38005053997039795
24640,-0.13582737743854523
24704,-0.15046896040439606
24768,0.3181554079055786
24832,-0.5281761288642883
24896,-0.5568291544914246
24960,0.28865307569503784
25024,0.09007921069860458
25088,0.15083301067352295
25152,0.2740591764450073
25216,0.0027405470609664917
25280,0.10463565587997437
25344,-0.13615551590919495
25408,-0.1877991259098053
25472,-0.12508904933929443
25536,-0.25283247232437134
25600,0.08249117434024811
25664,0.04825080931186676
25728,0.29566076397895813
25792,-0.0818760097026825
25856,0.2955629825592041
25920,0.01265794038772583
25984,0.28482112288475037
26048,0.24708768725395203
26112,-0.2563987672328949
26176,-0.07283587753772736
26240,-0.07146921753883362
26304,-0.15166623890399933
26368,-0.0990106612443924
26432,0.2723081707954407
26496,0.01524566113948822
26560,0.16716384887695312
26624,-0.27349889278411865
26688,-0.3443586230278015
26752,0.2854481637477875
26816,0.20368878543376923
26880,0.365149587392807
26944,-0.18833374977111816
27008,-0.6602082848548889
27072,0.0971008911728859
27136,0.0288105309009552
27200,-0.23839595913887024
27264,0.13347946107387543
27328,-0.5679080486297607
27392,-0.031431689858436584
27456,0.22745022177696228
27520,0.07673037052154541
27584,-0.011480793356895447
27648,0.1140509694814682
27712,0.1026114970445633
27776,-0.0820223018527031
27840,0.3392788767814636
27904,0.06883925199508667
27968,-0.12821337580680847
28032,0.15536218881607056
28096,-0.00480884313583374
28160,0.022489257156848907
28224,0.05840443819761276
28288,-0.07074496150016785
28352,-0.045391470193862915
28416,0.3877697288990021
28480,0.10129128396511078
28544,0.2036559283733368
28608,-0.2695735991001129
28672,-0.3040330410003662
28736,-0.13946837186813354
28800,0.08230958133935928
28864,0.14500409364700317
28928,0.07770931720733643
28992,-0.272868275642395
29056,0.24727758765220642
29120,0.052848413586616516
29184,0.4476415812969208
29248,0.0627172589302063
29312,-0.07917872071266174
29376,0.09389100968837738
29440,-0.04569050669670105
29504,0.135329931974411
29568,-0.15923413634300232
29632,-0.03665339946746826
29696,0.058719098567962646
29760,-0.07677973806858063
29824,0.11064988374710083
29888,0.16791905462741852
29952,-0.19370871782302856
30016,-0.13143092393875122
30080,-0.24302345514297485
30144,0.30897244811058044
30208,-0.24034462869167328
30272,-0.3461325466632843
30336,-0.11439433693885803
30400,0.5816749930381775
30464,0.10238251090049744
30528,-0.19959408044815063
30592,0.027829080820083618
30656,0.012826263904571533
30720,-0.08056411892175674
30784,-0.06762778759002686
30848,0.15549719333648682
30912,-0.18769916892051697
30976,0.0956963300704956
31040,0.2424938678741455
31104,-0.43436652421951294
31168,-0.024181410670280457
31232,-0.4077525734901428
31296,-0.18236790597438812
31360,0.12193354219198227
31424,-0.09748749434947968
31488,0.48090726137161255
31552,-0.10714178532361984
31616,-0.05969803035259247
31680,0.14148792624473572
31744,-0.18264757096767426
31808,-0.06277965009212494
31872,-0.2653470039367676
31936,-0.26498937606811523
32000,-0.3807436227798462
32064,0.23649002611637115
32128,-0.6434239745140076
32192,-0.08988445997238159
32256,0.3192054331302643
32320,0.655495285987854
32384,-0.0020835697650909424
32448,-0.13746768236160278
32512,-0.5612955093383789
32576,0.0016141533851623535
32640,0.09643302857875824
32704,-0.17500725388526917
32768,0.06932243704795837
32832,-0.09249404072761536
32896,-1.1438345909118652
32960,-0.029797226190567017
33024,0.037553250789642334
33088,-0.01939508318901062
33152,-0.6294156312942505
33216,-0.1061689704656601
33280,0.10789155960083008
33344,0.024471163749694824
33408,0.08715781569480896
33472,-0.3392559885978699
33536,0.0006940960884094238
33600,0.02462141215801239
33664,0.19525693356990814
33728,0.35368478298187256
33792,-0.1845332682132721
33856,0.27821677923202515
33920,-0.06429040431976318
33984,0.3398020267486572
34048,0.03859320282936096
34112,0.23883020877838135
34176,0.5859988927841187
34240,0.25982844829559326
34304,-0.05698903650045395
34368,0.2597467005252838
34432,0.005675395019352436
34496,-0.6172814965248108
34560,0.14980563521385193
34624,-0.12876707315444946
34688,-0.3934730887413025
34752,-0.453531950712204
34816,-0.17234955728054047
34880,-0.21652944386005402
34944,-0.36125990748405457
35008,-0.3081095814704895
35072,0.11080342531204224
35136,-0.056192945688962936
35200,0.5456932187080383
35264,0.05351058766245842
35328,-0.33280569314956665
35392,-0.27044424414634705
35456,-0.24635273218154907
35520,-0.37644925713539124
35584,0.777222216129303
35648,-0.1420339047908783
35712,-0.2726060152053833
35776,0.38395366072654724
35840,0.20510567724704742
35904,-0.2534273862838745
35968,-0.10550139099359512
36032,-0.23450860381126404
36096,0.06269630044698715
36160,-0.40879714488983154
36224,-0.40141400694847107
36288,-0.20073577761650085
36352,-0.467504620552063
36416,0.03848135471343994
36480,-0.16161996126174927
36544,-0.6785708665847778
36608,-0.30806484818458557
36672,-0.4030122756958008
36736,-1.2930717468261719
36800,-0.31352344155311584
36864,-0.2106442153453827
36928,0.2750587463378906
36992,-0.18098792433738708
37056,0.2395334392786026
37120,0.9016836881637573
37184,0.3463529944419861
37248,-0.5446967482566833
37312,0.2634953260421753
37376,0.05299249291419983
37440,-0.28429114818573
37504,0.40555328130722046
37568,-0.3962821066379547
37632,0.5996372699737549
37696,-0.248365581035614
37760,-0.4105081260204315
37824,0.2172936201095581
37888,-0.2426416426897049
37952,0.6992165446281433
38016,-0.5458598136901855
38080,0.6081814765930176
38144,-0.16310185194015503
38208,0.6926759481430054
38272,-0.40083742141723633
38336,-0.6282997727394104
38400,0.04294861853122711
38464,-0.3999619483947754
38528,-0.0483831912279129
38592,-0.348406583070755
38656,0.2501733899116516
38720,0.3447282314300537
38784,-0.40495529770851135
38848,-0.5311168432235718
38912,-0.5591105222702026
38976,-0.5434869527816772
39040,0.2500520348548889
39104,0.050603993237018585
39168,-0.09829382598400116
39232,-0.6304931044578552
39296,-0.0435287207365036
39360,0.14194701611995697
39424,-0.050086021423339844
39488,-0.7276107668876648
39552,-0.0029983967542648315
39616,-0.18812419474124908
39680,0.1702246367931366
39744,-0.9647181034088135
39808,0.31442123651504517
39872,-0.20044755935668945
39936,0.3791359066963196
40000,-0.231647789478302
40064,0.2157801389694214
40128,-0.03015086054801941
40192,0.08156576752662659
40256,-0.2170650064945221
40320,0.1485183835029602
40384,-0.253478467464447
40448,-0.4968104958534241
40512,0.15515275299549103
40576,-0.16353969275951385
40640,-0.28590482473373413
40704,0.23432278633117676
40768,-0.6727128028869629
40832,-0.12794487178325653
40896,0.19534893333911896
40960,0.28249791264533997
41024,0.9658470153808594
41088,0.8915860056877136
41152,-0.25166982412338257
41216,-0.3079073429107666
41280,0.2520988881587982
41344,-0.17562295496463776
41408,-0.3909546136856079
41472,0.5488591194152832
41536,-0.3644622564315796
41600,0.17871522903442383
41664,-0.2326919585466385
41728,-0.15975108742713928
41792,-0.11244100332260132
41856,0.4232940077781677
41920,-0.13593415915966034
41984,0.572138249874115
42048,0.23682358860969543
42112,0.23880977928638458
42176,-0.05106411129236221
42240,-0.3160553574562073
42304,-0.5804336071014404
42368,-0.6097933053970337
42432,-0.24964454770088196
42496,-0.865191638469696
42560,0.5341432094573975
42624,-0.39032214879989624
42688,-0.22615954279899597
42752,0.03309273719787598
42816,-0.6469764709472656
42880,0.5281317830085754
42944,-0.026298612356185913
43008,-0.4258999228477478
43072,0.2050410360097885
43136,0.5412499904632568
43200,-0.07103727757930756
43264,0.11704185605049133
43328,-0.4397500157356262
43392,-0.22368213534355164
43456,0.14737612009048462
43520,-0.2467629462480545
43584,0.502155065536499
43648,-0.26351094245910645
43712,-1.458310842514038
43776,-0.16574901342391968
43840,-0.5281389951705933
43904,-0.5883848667144775
43968,0.43305525183677673
44032,0.17740961909294128
44096,-0.0876523107290268
44160,0.8026587963104248
44224,0.16604287922382355
44288,-0.9039419889450073
44352,-0.11203435063362122
44416,-0.04237750172615051
44480,-0.5921416878700256
44544,0.2756631076335907
44608,-0.37411952018737793
44672,-0.9642524719238281
44736,0.017849519848823547
44800,-0.04691791534423828
44864,0.1748180091381073
44928,0.5146965980529785
44992,0.015207603573799133
45056,-0.9617193937301636
45120,-0.2520138621330261
45184,-1.2266615629196167
45248,-0.5505348443984985
45312,-0.8192272186279297
45376,-0.09858033061027527
45440,0.10373245179653168
45504,-0.8045420050621033
45568,0.1679227352142334
45632,-0.26163244247436523
45696,0.550075352191925
45760,0.5073976516723633
45824,0.5509350299835205
45888,0.10080328583717346
45952,-0.22100229561328888
46016,-0.26470473408699036
46080,-0.2174551635980606
46144,-0.11103053390979767
46208,0.05523785948753357
46272,0.009610414505004883
46336,-0.36272111535072327
46400,-0.0007637366652488708
46464,-0.759173572063446
46528,-0.07139573991298676
46592,-0.49346140027046204
46656,-0.3968666195869446
46720,-0.09266423434019089
46784,-0.13036461174488068
46848,0.3230036497116089
46912,-0.7229419350624084
46976,0.015229381620883942
47040,-0.6890023350715637
47104,1.0935423374176025
47168,-0.6447925567626953
47232,0.45981860160827637
47296,0.34163302183151245
47360,-0.5892714858055115
47424,0.0742950588464737
47488,0.1988753378391266
47552,0.31946128606796265
47616,-0.5323924422264099
47680,-1.0723069906234741
47744,0.2651524543762207
47808,0.09067857265472412
47872,-0.5315458178520203
47936,-0.25407975912094116
48000,-0.11331554502248764
48064,-0.4039314091205597
48128,0.4325215816497803
48192,-0.40024375915527344
48256,-0.10377314686775208
48320,0.418387234210968
48384,-0.23012815415859222
48448,-0.2933458685874939
48512,-0.8611645102500916
48576,-0.08983137458562851
48640,0.23397237062454224
48704,-0.23438623547554016
48768,-0.21225228905677795
48832,-0.043866924941539764
48896,-0.13328944146633148
48960,-0.6631166338920593
49024,-0.4787633419036865
49088,0.11130121350288391
49152,-0.4010649025440216
49216,0.6725653409957886
49280,0.03912381827831268
49344,0.18997517228126526
49408,-0.6331086158752441
49472,0.9463741779327393
49536,0.02712351828813553
49600,0.032339029014110565
49664,0.33555757999420166
49728,-0.5527787804603577
49792,-0.1187434121966362
49856,-0.47382792830467224
49920,-1.0651994943618774
49984,-1.0582243204116821
50048,0.2537561357021332
50112,-0.15353821218013763
50176,0.21862582862377167
50240,0.37949150800704956
50304,-0.31931865215301514
50368,0.18996661901474
50432,-0.4929961562156677
50496,0.698729395866394
50560,0.6011015176773071
50624,0.18051409721374512
50688,-0.32417425513267517
50752,-0.8875447511672974
50816,0.6652989983558655
50880,-0.5117067694664001
50944,0.4146389961242676
51008,-0.20920228958129883
51072,0.7733237743377686
51136,-0.8739440441131592
51200,-0.74247145652771
51264,-0.49797579646110535
51328,-0.35328757762908936
51392,-0.6498395204544067
51456,0.10227365791797638
51520,-0.995140016078949
51584,-0.13976946473121643
51648,-0.4608435034751892
51712,-0.4969775676727295
51776,-0.2653563916683197
51840,-0.29441606998443604
51904,-0.6533247232437134
51968,-0.10100584477186203
52032,-1.1313064098358154
52096,0.5553715229034424
52160,-0.40094515681266785
52224,0.9174555540084839
52288,-0.3030150830745697
52352,-0.9607573747634888
52416,-0.975190281867981
52480,0.10010525584220886
52544,-0.16227073967456818
52608,-0.767410397529602
52672,0.24113446474075317
52736,-0.04632437229156494
52800,-0.2796176075935364
52864,-0.03847339004278183
52928,0.7193577885627747
52992,0.0114692822098732
53056,0.1600000262260437
53120,0.9402951002120972
53184,-0.3718656897544861
53248,-0.5456147789955139
53312,-0.5591704845428467
53376,0.34464916586875916
53440,-0.810967206954956
53504,0.9930793046951294
53568,0.3908785879611969
53632,-0.41810980439186096
53696,-0.2669790983200073
53760,-0.27323076128959656
53824,0.13405495882034302
53888,-0.2465645670890808
53952,-1.0018409490585327
54016,-0.18906515836715698
54080,0.10623767971992493
54144,-0.20829221606254578
54208,0.09125496447086334
54272,-0.9513676762580872
54336,0.8872814774513245
54400,0.34363794326782227
54464,-0.26880893111228943
54528,0.44402456283569336
54592,0.048300035297870636
54656,-0.7476879358291626
54720,0.5181771516799927
54784,0.6671695113182068
54848,-0.6057969331741333
54912,-0.5464937686920166
54976,-1.01328444480896
55040,0.005575187504291534
55104,-0.8685780763626099
55168,0.05107396841049194
55232,0.3691766858100891
55296,0.34225332736968994
55360,-0.9545910358428955
55424,0.0795581191778183
55488,-0.49246877431869507
55552,-0.9182335138320923
55616,-0.7264998555183411
55680,-0.9192593693733215
55744,0.28878021240234375
55808,0.5406893491744995
55872,0.171805739402771
55936,-0.11330438405275345
56000,-1.1231014728546143
56064,-0.3034874498844147
56128,-0.9247211813926697
56192,-0.46004024147987366
56256,-0.7469682693481445
56320,0.884777307510376
56384,-0.5654606223106384
56448,-0.304360032081604
56512,-1.4834083318710327
56576,-0.6669023633003235
56640,-0.044798702001571655
56704,-0.375335156917572
56768,-0.8506600856781006
56832,0.6599581837654114
56896,0.3999631106853485
56960,-0.3084716796875
57024,-0.8615396022796631
57088,0.5761505961418152
57152,0.20226015150547028
57216,0.351621150970459
57280,-0.4034329950809479
57344,-0.5404509902000427
57408,-0.2685469090938568
57472,-0.02256259322166443
57536,-0.39945143461227417
57600,-0.2609037160873413
57664,-0.6389638185501099
57728,1.0350592136383057
57792,-1.0538824796676636
57856,-0.32417070865631104
57920,-0.6795112490653992
57984,-0.7871280908584595
58048,0.154502272605896
58112,-0.8068140745162964
58176,-1.0040217638015747
58240,-0.3842480182647705
58304,-0.2184070348739624
58368,0.6222834587097168
58432,0.5060601830482483
58496,-0.2692610025405884
58560,-0.6800857782363892
58624,0.06004355102777481
58688,-0.6282334923744202
58752,0.05394411087036133
58816,-0.408437043428421
58880,0.44987672567367554
58944,-1.261626124382019
59008,-1.251062273979187
59072,0.6746498942375183
59136,-0.6440161466598511
59200,0.1729428470134735
59264,0.014516770839691162
59328,-0.5798329710960388
59392,0.5329110026359558
59456,-0.7535648345947266
59520,-1.1083649396896362
59584,0.1729830503463745
59648,-0.6011288166046143
59712,0.03284676373004913
59776,-0.6213833689689636
59840,0.37695083022117615
59904,-1.0331283807754517
59968,-1.2115120887756348
60032,-0.38330626487731934
60096,-0.004579633474349976
60160,0.1367042064666748
60224,-0.25344061851501465
60288,0.09118378162384033
60352,0.0005512833595275879
60416,-0.575448751449585
60480,-0.5428972244262695
60544,0.9468022584915161
60608,-0.9027352929115295
60672,-0.8659939169883728
60736,-0.17369335889816284
60800,-0.036723922938108444
60864,-0.6306547522544861
60928,-0.5975731611251831
60992,-0.43435025215148926
61056,-0.9806857109069824
61120,0.395182728767395
61184,0.6463536620140076
61248,-0.2581453323364258
61312,-1.0260679721832275
61376,-0.8445416688919067
61440,-0.8395484685897827
61504,0.3191896975040436
61568,-0.13361743092536926
61632,-0.6823152899742126
61696,-0.5144447088241577
61760,0.037340808659791946
61824,-0.225748211145401
61888,-0.12821531295776367
61952,-0.7241938710212708
62016,-0.6477755308151245
62080,0.15916700661182404
62144,-0.9190096855163574
62208,0.0915631651878357
62272,-0.10152760148048401
62336,0.5787010192871094
62400,-0.7840192914009094
62464,0.4250560402870178
62528,-0.038467682898044586
62592,-0.2354360967874527
62656,1.0365959405899048
62720,-0.4848560094833374
62784,-0.21815143525600433
62848,-0.24128654599189758
62912,0.0009459368884563446
62976,-0.5450963973999023
63040,0.10134973376989365
63104,-0.20995870232582092
63168,1.0246684551239014
63232,0.47787874937057495
63296,0.42273637652397156
63360,-1.108209490776062
63424,1.2942239046096802
63488,-0.4775317907333374
63552,-0.717488169670105
63616,-0.22713544964790344
63680,0.0711248368024826
63744,1.083072543144226
63808,0.31215590238571167
63872,-0.6936042308807373
63936,-1.0887975692749023
64000,0.24734793603420258
64064,0.018680833280086517
64128,0.2239895761013031
64192,-0.11466315388679504
64256,-0.10903520882129669
64320,-1.0298138856887817
64384,-0.8020995259284973
64448,0.00301949679851532
64512,-0.5559352040290833
64576,-0.4188896715641022
64640,-0.29856207966804504
64704,0.9318689107894897
64768,-0.28510287404060364
64832,0.6297805309295654
64896,-0.2493986189365387
64960,-0.3513888716697693
65024,-0.6432016491889954
65088,-0.08820223808288574
65152,0.24155287444591522
65216,0.5757900476455688
65280,-0.10514398664236069
65344,-0.12184926867485046
65408,-0.14622917771339417
65472,-1.0025821924209595
65536,0.5755264759063721
65600,0.03644811734557152
65664,-0.48440444469451904
65728,0.41445741057395935
65792,0.17988073825836182
65856,-0.35095739364624023
65920,-0.05729729309678078
65984,-0.01412762701511383
66048,-0.3933621644973755
66112,0.24401386082172394
66176,-0.5316480398178101
66240,-0.2940524220466614
66304,-0.5196229219436646
66368,-0.4163030982017517
66432,-0.8213089108467102
66496,0.0964982658624649
66560,-0.9287376999855042
66624,-0.34180164337158203
66688,-0.7282660007476807
66752,0.40210357308387756
66816,-0.591143012046814
66880,0.6333483457565308
66944,-0.032600775361061096
67008,-0.1529589593410492
67072,-0.2639148235321045
67136,-1.0940592288970947
67200,-1.0847277641296387
67264,-0.4198319613933563
67328,0.059492841362953186
67392,-0.13025063276290894
67456,0.3785598576068878
67520,-0.5958224534988403
67584,0.03783310949802399
67648,-0.1922890543937683
67712,-0.4789080023765564
67776,-0.7927021980285645
67840,-0.1225045770406723
67904,-1.4265838861465454
67968,0.266653835773468
68032,-0.055433668196201324
68096,-0.06303352117538452
68160,0.6355870962142944
68224,-1.23586905002594
68288,-0.49942547082901
68352,0.5853135585784912
68416,0.31239593029022217
68480,0.05138057470321655
68544,-0.38608455657958984
68608,-0.36959728598594666
68672,-0.5713529586791992
68736,-1.3061802387237549
68800,-0.5781571865081787
68864,-0.38931551575660706
68928,-0.2006656378507614
68992,-0.6903638243675232
69056,-0.14486458897590637
69120,-0.2527206242084503
69184,-0.48889395594596863
69248,-0.40506458282470703
69312,-0.5983874797821045
69376,-0.5478394031524658
69440,-0.7862557768821716
69504,-0.03088323026895523
69568,-0.35707956552505493
69632,-0.14839306473731995
69696,-0.2436351478099823
69760,-0.4708622395992279
69824,-0.8537389039993286
69888,-0.34847548604011536
69952,-0.8887913227081299
70016,-0.25807446241378784
70080,-0.29270657896995544
70144,0.3204052448272705
70208,-0.5130173563957214
70272,-0.2068312168121338
70336,-0.4707307517528534
70400,-0.36404240131378174
70464,0.01946437358856201
70528,-0.41402897238731384
70592,-0.047065675258636475
70656,-0.006032437086105347
70720,-0.3567466139793396
70784,-0.9429392218589783
70848,0.2118328958749771
70912,-0.7414202690124512
70976,0.6103330850601196
71040,-0.6117746233940125
71104,0.8766521215438843
71168,-0.20887497067451477
71232,-0.7706692814826965
71296,0.6516719460487366
71360,0.6628844738006592
71424,-0.6970519423484802
71488,0.033614858984947205
71552,0.22790490090847015
71616,-0.16895616054534912
71680,-0.003552936017513275
71744,0.2617385983467102
71808,-0.047203898429870605
71872,-0.9565810561180115
71936,-1.4542428255081177
72000,-0.5125155448913574
72064,-0.5788977146148682
72128,0.29692569375038147
72192,-0.33598825335502625
72256,-0.8603609800338745
72320,-0.17380279302597046
72384,-0.032240599393844604
72448,-0.2975892722606659
72512,-0.5405356884002686
72576,-0.03738832846283913
72640,0.23125694692134857
72704,-0.6188692450523376
72768,-0.38381895422935486
72832,-0.7458728551864624
72896,-0.11865700781345367
72960,0.34741100668907166
73024,0.06553661078214645
73088,0.3504246473312378
73152,-0.31179267168045044
73216,0.8829716444015503
73280,-0.10495651513338089
73344,0.7713995575904846
73408,0.1741245985031128
73472,0.2147342711687088
73536,0.0812510997056961
73600,-0.9567312002182007
73664,-0.34571537375450134
73728,0.0904349833726883
73792,-0.7996919751167297
73856,-0.2834687829017639
73920,0.27522045373916626
73984,-0.7784325480461121
74048,-0.35451969504356384
74112,0.8932598829269409
74176,-0.12083099782466888
74240,1.041965126991272
74304,-0.5233188271522522
74368,-0.10303117334842682
74432,-1.233273983001709
74496,-0.6356707811355591
74560,-0.25193384289741516
74624,-0.9122662544250488
74688,0.32319173216819763
74752,-0.06747861206531525
74816,-1.1713883876800537
74880,0.843571126461029
74944,0.4963020086288452
75008,0.7128825783729553
75072,0.0002486817538738251
75136,-0.3142184913158417
75200,-1.0707623958587646
75264,0.3084707260131836
75328,-0.753242015838623
75392,0.6996811628341675
75456,-0.8657964468002319
75520,-0.7051531076431274
75584,0.5442379713058472
75648,-0.3640144467353821
75712,-0.6452023983001709
75776,0.08373475819826126
75840,-0.5787512063980103
75904,-1.893660545349121
75968,-0.3692777454853058
76032,0.6869829893112183
76096,0.6896889209747314
76160,-0.23723161220550537
76224,0.8155782222747803
76288,-1.4836609363555908
76352,-0.3227737545967102
76416,-0.5918557643890381
76480,-0.5199676156044006
76544,-0.3574274778366089
76608,-0.5730099081993103
76672,-0.6819323301315308
76736,-0.9288780093193054
76800,-0.5770784616470337
76864,-0.19218537211418152
76928,-0.837335467338562
76992,-0.7955282926559448
77056,0.6477072834968567
77120,0.13267529010772705
77184,0.1774107813835144
77248,-0.018984675407409668
77312,0.20261500775814056
77376,-0.2288663536310196
77440,-0.4397362768650055
77504,-0.5705158114433289
77568,-0.9090437889099121
77632,-0.6193275451660156
77696,-0.612278401851654
77760,-0.3213294446468353
77824,-0.06493254005908966
77888,0.36098986864089966
77952,0.0023804064840078354
78016,0.635071337223053
78080,1.0649735927581787
78144,0.0240723118185997
78208,-0.6069650650024414
78272,-0.48682940006256104
78336,0.20466618239879608
78400,-0.11821252852678299
78464,0.45299142599105835
78528,-0.13694430887699127
78592,0.009952187538146973
78656,-0.6157584190368652
78720,-0.40246185660362244
78784,-0.5318658351898193
78848,-0.4900929927825928
78912,-0.5933903455734253
78976,-0.32061275839805603
79040,0.6333695650100708
79104,0.13241177797317505
79168,0.1471676230430603
79232,0.17457371950149536
79296,0.4478539824485779
79360,0.052356407046318054
79424,-0.06893044710159302
79488,-0.24462789297103882
79552,0.10604783892631531
79616,-0.5966084003448486
79680,-0.9681657552719116
79744,-0.257575660943985
79808,-0.8616117238998413
79872,-0.43066349625587463
79936,-0.2712957561016083
80000,-0.21773727238178253
80064,-0.7990080118179321
80128,-0.23376759886741638
80192,0.6258068084716797
80256,-1.1281282901763916
80320,-0.6609625220298767
80384,0.2910502851009369
80448,0.3574468493461609
80512,-0.29876118898391724
80576,0.5242328643798828
80640,-0.8992104530334473
80704,0.2888363003730774
80768,-0.6816798448562622
80832,0.20443695783615112
80896,-0.3387526273727417
80960,-0.21935364603996277
81024,0.41828998923301697
81088,0.5717171430587769
81152,0.356065571308136
81216,-0.9573527574539185
81280,0.4701143205165863
81344,-1.213090181350708
81408,-0.945046067237854
81472,-0.23269769549369812
81536,-0.7943192720413208
81600,0.0493914932012558
81664,0.02972358465194702
81728,0.5392643809318542
81792,-0.6325739622116089
81856,-0.4867852032184601
81920,-0.4363270401954651
81984,-0.06141786277294159
82048,-0.5114717483520508
82112,0.3758358061313629
82176,-0.305993914604187
82240,-0.6355358958244324
82304,-0.058700792491436005
82368,-1.1907658576965332
82432,-0.42274633049964905
82496,0.6202104091644287
82560,0.7044180035591125
82624,-1.0199778079986572
82688,-1.2820976972579956
82752,-0.030019611120224
82816,-0.8533701300621033
82880,-0.8790056109428406
82944,0.5879648327827454
83008,-0.5608527660369873
83072,0.09940315783023834
83136,0.39999204874038696
83200,0.9305295944213867
83264,-1.6289957761764526
83328,-0.5770974159240723
83392,-0.7214226722717285
83456,-1.080970048904419
83520,-0.59696364402771
83584,-0.6404211521148682
83648,-0.33042585849761963
83712,-0.03918498754501343
83776,-0.8207651376724243
83840,-0.7485421895980835
83904,-0.48806479573249817
83968,-0.2041282057762146
84032,-0.2922191023826599
84096,0.990486741065979
84160,-0.1970239281654358
84224,1.277422547340393
84288,0.07978048920631409
84352,0.2353738248348236
84416,0.23791420459747314
84480,-0.18987205624580383
84544,0.4363887906074524
84608,-0.3683840334415436
84672,0.47973617911338806
84736,0.3278624415397644
84800,0.016589254140853882
84864,-0.2683632969856262
84928,-0.3484656810760498
84992,0.25397568941116333
85056,-0.26363450288772583
85120,-0.9954118728637695
85184,-1.23908531665802
85248,-0.5044204592704773
85312,-0.2171047329902649
85376,-0.5563733577728271
85440,-1.2047539949417114
85504,0.28304481506347656
85568,-1.3965203762054443
85632,-0.21971380710601807
85696,-1.4043095111846924
85760,0.5407280325889587
85824,-0.37243297696113586
85888,-1.1783273220062256
85952,-0.11968892812728882
86016,-0.021115101873874664
86080,0.9886363744735718
86144,-0.8421870470046997
86208,-1.030195713043213
86272,-0.07947731018066406
86336,-0.43750903010368347
86400,0.42013877630233765
86464,0.14658328890800476
86528,-0.9092989563941956
86592,-0.2852155268192291
86656,0.7835232615470886
86720,0.3941442370414734
86784,-0.20891159772872925
86848,0.269603967666626
86912,-0.1987266093492508
86976,0.03370975703001022
87040,0.8912206292152405
87104,0.03840439021587372
87168,0.4483606517314911
87232,0.011309109628200531
87296,-0.7019466757774353
87360,-0.22085654735565186
87424,0.11138205230236053
87488,-0.5863730907440186
87552,-0.15873418748378754
87616,-0.5638219714164734
87680,0.08660400658845901
87744,-0.6628526449203491
87808,-0.24412143230438232
87872,-0.24207690358161926
87936,-1.3087940216064453
88000,-0.3781472444534302
88064,0.38954290747642517
88128,0.47552919387817383
88192,-0.6576270461082458
88256,0.20446035265922546
88320,-0.5335099697113037
88384,-0.45605558156967163
88448,-0.16265593469142914
88512,-0.024661310017108917
88576,-0.09392441809177399
88640,-0.04428311437368393
88704,-0.5632525086402893
88768,-0.4146951138973236
88832,-0.615046501159668
88896,-0.12803593277931213
88960,-0.42054811120033264
89024,-0.5614697337150574
89088,0.03982505202293396
89152,-0.20130208134651184
89216,0.6928813457489014
89280,0.21795262396335602
89344,0.08712644875049591
89408,-0.5579456090927124
89472,0.9083693027496338
89536,-0.5593482851982117
89600,-0.5847780108451843
89664,-0.5790593028068542
89728,-0.8600826859474182
89792,0.22731029987335205
89856,-0.10831595212221146
89920,-0.0277085080742836
89984,0.35607361793518066
90048,-0.09847863018512726
90112,-0.49351412057876587
90176,0.5526185035705566
90240,-0.7848830223083496
90304,0.5473455786705017
90368,-0.6735738515853882
90432,-0.5981104373931885
90496,-0.4864368736743927
90560,-1.3322384357452393
90624,-1.0360820293426514
90688,-0.22629567980766296
90752,-0.5513672232627869
90816,-0.4855492413043976
90880,0.09425094723701477
90944,0.18945303559303284
91008,0.7810081243515015
91072,1.3617252111434937
91136,-1.2368618249893188
91200,0.0643734559416771
91264,1.1499435901641846
91328,-0.30566006898880005
91392,-0.1668151170015335
91456,-0.16057735681533813
91520,0.015874667093157768
91584,0.3180806338787079
91648,-0.3016815185546875
91712,-1.2102899551391602
91776,0.7765965461730957
91840,-0.13811829686164856
91904,-0.2739379107952118
91968,0.07474139332771301
92032,-1.399916648864746
92096,0.9080542325973511
92160,0.4982280433177948
92224,1.321122646331787
92288,0.30046048760414124
92352,0.13150456547737122
92416,-1.149275541305542
92480,0.8489407300949097
92544,-0.5282372236251831
92608,-0.0961303561925888
92672,1.1471295356750488
92736,-0.5307430028915405
92800,-0.2222396582365036
92864,-0.6981160640716553
92928,-0.3475591540336609
92992,-0.013429298996925354
93056,0.6216941475868225
93120,0.3698955774307251
93184,-0.6590926051139832
93248,-0.5231281518936157
93312,0.31273284554481506
93376,-0.9256001710891724
93440,0.9580721259117126
93504,-0.9998294115066528
93568,0.891607403755188
93632,0.31724339723587036
93696,-1.0950963497161865
93760,-0.3823205232620239
93824,-0.09222687780857086
93888,-0.037943869829177856
93952,0.3559413552284241
94016,1.2702698707580566
94080,0.8087002635002136
94144,-0.12471555173397064
94208,-0.4779655933380127
94272,-0.039217568933963776
94336,-0.7110534310340881
94400,1.556476354598999
94464,-0.7171716690063477
94528,-0.1221373975276947
94592,0.34507375955581665
94656,0.05782055854797363
94720,-0.8894034028053284
94784,-0.4447418749332428
94848,1.2184193134307861
94912,0.08968192338943481
94976,-0.17547327280044556
95040,-1.1955275535583496
95104,-0.049483198672533035
95168,0.38587749004364014
95232,0.19344425201416016
95296,0.07019759714603424
95360,0.5967323780059814
95424,-0.09796890616416931
95488,-0.37590301036834717
95552,0.10773414373397827
95616,-0.6778377890586853
95680,-0.10430023074150085
95744,-0.5697665214538574
95808,0.11983335018157959
95872,0.6031941175460815
95936,0.44636332988739014
96000,-0.15816639363765717
96064,0.023737192153930664
96128,0.5330748558044434
96192,0.8842665553092957
96256,0.5550451874732971
96320,-0.3065974712371826
96384,-0.5340345501899719
96448,-0.8918246030807495
96512,1.2065281867980957
96576,-0.1821219027042389
96640,-0.1919015496969223
96704,-0.7285664677619934
96768,-0.3460555672645569
96832,-0.6017938852310181
96896,-0.6368105411529541
96960,0.16748502850532532
97024,-0.5632303357124329
97088,1.560817837715149
97152,0.17398598790168762
97216,0.5181756019592285
97280,-0.8055832386016846
97344,-1.0500730276107788
97408,-0.1753341108560562
97472,0.7719659805297852
97536,0.08806579560041428
97600,-0.8993313312530518
97664,-0.4067946970462799
97728,0.3696390986442566
97792,-0.4544038772583008
97856,0.33379030227661133
97920,-0.2552841305732727
97984,-0.21759642660617828
98048,0.7989400625228882
98112,0.056757718324661255
98176,0.41591084003448486
98240,0.2907475531101227
98304,0.8632529973983765
98368,-1.0604356527328491
98432,-0.4461904466152191
98496,0.2850987911224365
98560,-0.2790190279483795
98624,-0.18578322231769562
98688,0.7808395624160767
98752,-0.04112273454666138
98816,0.6673151254653931
98880,0.7556105852127075
98944,0.33727312088012695
99008,0.06359443068504333
99072,-0.44616881012916565
99136,-0.21280883252620697
99200,0.6917707920074463
99264,0.9714050889015198
99328,-0.17202454805374146
99392,-0.8591595888137817
99456,0.5474597811698914
99520,0.32551902532577515
99584,-0.269377201795578
99648,0.10458654165267944
99712,-0.07497657835483551
99776,-0.22690512239933014
99840,-0.6474148035049438
99904,-0.2204544097185135
99968,-0.18281620740890503
100032,0.6975178122520447
100096,-0.46513718366622925
100160,-0.3995232582092285
100224,-1.0248783826828003
100288,0.5637556314468384
100352,0.7126745581626892
100416,0.8548340201377869
100480,-0.3047817647457123
100544,0.6522969007492065
100608,-0.698390007019043
100672,0.4371701776981354
100736,-0.7913551926612854
100800,-0.5982503890991211
100864,-0.4955967962741852
100928,0.27901703119277954
100992,-0.31829971075057983
101056,0.003739863634109497
101120,0.3462486267089844
101184,0.13198769092559814
101248,-0.5494490265846252
101312,-1.0106486082077026
101376,-0.43992167711257935
101440,1.1301319599151611
101504,1.0593420267105103
101568,0.08936601877212524
101632,0.5447980165481567
101696,1.4687610864639282
101760,-0.4728466868400574
101824,-0.40468838810920715
101888,1.6499547958374023
101952,0.0053480640053749084
102016,-0.22581207752227783
102080,-0.302314817905426
102144,-0.8977432250976562
102208,0.3377077579498291
102272,-1.0592749118804932
102336,-0.5619174242019653
102400,-1.063788890838623
102464,-0.6805754899978638
102528,0.4464670419692993
102592,0.5674774646759033
102656,-1.6354807615280151
102720,1.8021425008773804
102784,-0.1856880784034729
102848,0.3876247704029083
102912,-1.052264928817749
102976,-0.4776226282119751
103040,-0.8575373888015747
103104,-1.0164895057678223
103168,0.36706259846687317
103232,-0.14178849756717682
103296,-0.31435203552246094
103360,0.14672225713729858
103424,-0.7267552614212036
103488,-0.886532187461853
103552,-0.04624107480049133
103616,-0.5595618486404419
103680,-0.34284958243370056
103744,-0.5181670188903809
103808,-1.3010977506637573
103872,-0.6271124482154846
103936,-0.051536962389945984
104000,0.5314582586288452
104064,-0.47730326652526855
104128,-0.04907876253128052
104192,0.43923190236091614
104256,-0.6749973893165588
104320,0.4149578809738159
104384,0.64339679479599
104448,0.11858000606298447
104512,-0.08611346781253815
104576,0.5397939682006836
104640,-1.5328563451766968
104704,-1.062686562538147
104768,-0.09410414099693298
104832,0.026673302054405212
104896,-1.1112761497497559
104960,-0.10079395771026611
105024,0.695205569267273
105088,0.4968566298484802
105152,0.6694533824920654
105216,-0.3403888940811157
105280,-0.7306236028671265
105344,-1.7837305068969727
105408,-0.10011477023363113
105472,0.3535081744194031
105536,0.2922196388244629
105600,0.1135132759809494
105664,0.2716604471206665
105728,-0.9939169883728027
105792,0.37591075897216797
105856,-0.2422906756401062
105920,-0.07319720089435577
105984,-0.16335034370422363
106048,0.639501690864563
106112,0.2426084578037262
106176,0.9213937520980835
106240,-0.5287014842033386
106304,-0.7005792856216431
106368,0.13836506009101868
106432,-0.9299535155296326
106496,0.4807572364807129
106560,0.0707649290561676
106624,0.17773565649986267
106688,0.19183963537216187
106752,-0.5510156154632568
106816,0.10746178030967712
106880,-0.04356643557548523
106944,-0.20347395539283752
107008,0.9540503025054932
107072,-0.8839049339294434
107136,0.26457005739212036
107200,0.2585681676864624
107264,0.21426275372505188
107328,-0.11629047989845276
107392,0.6627100706100464
107456,0.28229352831840515
107520,-0.667382001876831
107584,-0.6365967392921448
107648,-1.2007486820220947
107712,-0.38484638929367065
107776,0.06576673686504364
107840,-0.39882704615592957
107904,0.013274401426315308
107968,-0.9350986480712891
108032,0.0006597712635993958
108096,-0.2045447677373886
108160,-0.01256813108921051
108224,0.5527442693710327
108288,-0.528997540473938
108352,-0.04876092076301575
108416,0.564970850944519
108480,-0.4104177951812744
108544,0.45129844546318054
108608,0.09714993089437485
108672,0.15492868423461914
108736,-0.48480331897735596
108800,-0.9032484292984009
108864,-0.5690006613731384
108928,0.8429816961288452
108992,-0.6266013383865356
109056,-0.3124573826789856
109120,0.3233693242073059
109184,0.12841834127902985
109248,-0.0438772514462471
109312,-0.18199129402637482
109376,0.05992873013019562
109440,0.6358320713043213
109504,-0.5303450226783752
109568,-0.2123987227678299
109632,-0.5143739581108093
109696,-0.08921873569488525
109760,0.45974403619766235
109824,0.4292060434818268
109888,-0.24484087526798248
109952,0.10687316954135895
110016,-0.019665084779262543
110080,0.21552571654319763
110144,-0.41371843218803406
110208,-1.1128658056259155
110272,-0.937410831451416
110336,0.24376940727233887
110400,-0.49496448040008545
110464,-0.41063207387924194
110528,-0.9087046384811401
110592,-0.6491235494613647
110656,-0.05093775689601898
110720,0.28439754247665405
110784,-0.575142502784729
110848,-0.04277937114238739
110912,-0.3319360911846161
110976,-0.5460540652275085
111040,0.15641339123249054
111104,-0.4688759446144104
111168,0.36117884516716003
111232,0.2923828363418579
111296,0.302226722240448
111360,0.4559623599052429
111424,-0.014978945255279541
111488,-0.03103160858154297
111552,-0.2706908583641052
111616,-0.3012652099132538
111680,0.5126194953918457
111744,-0.1501576006412506
111808,0.5589147806167603
111872,-0.426926851272583
111936,-1.0090910196304321
112000,0.5668768882751465
112064,1.8030712604522705
112128,-0.46551406383514404
112192,-0.24372301995754242
112256,-0.40708792209625244
112320,-0.46554815769195557
112384,-1.4284003973007202
112448,-0.11449259519577026
112512,-0.2479325830936432
112576,0.433060884475708
112640,0.4314619302749634
112704,-0.3772287964820862
112768,-0.7944424152374268
112832,0.44758540391921997
112896,0.59227454662323
112960,-0.47676998376846313
113024,0.8530120849609375
113088,-0.13157504796981812
113152,-0.1541096568107605
113216,-0.5419298410415649
113280,-1.3382142782211304
113344,-0.18232721090316772
113408,0.12003219872713089
113472,-0.7146475315093994
113536,0.04541543126106262
113600,0.5135817527770996
113664,0.3130473792552948
113728,0.25626468658447266
113792,0.015891045331954956
113856,-0.040502309799194336
113920,0.13574384152889252
113984,0.6777785420417786
114048,0.8689038157463074
114112,0.01409824937582016
114176,0.4422735571861267
114240,-0.09993879497051239
114304,0.31402072310447693
114368,0.7982451915740967
114432,-0.305186003446579
114496,-0.9715722799301147
114560,0.24989047646522522
114624,0.2474994659423828
114688,0.46394678950309753
114752,-0.8016471266746521
114816,-0.7098343968391418
114880,0.016369536519050598
114944,-0.4379085302352905
115008,0.4552474319934845
115072,-0.29778796434402466
115136,-0.6277834177017212
115200,-0.4707885980606079
115264,0.4307141602039337
115328,-0.7663717269897461
115392,-0.7594611644744873
115456,0.5051798820495605
115520,-0.08687126636505127
115584,0.5245363712310791
115648,0.05270061641931534
115712,0.1712999790906906
115776,-1.1347821950912476
115840,0.48819923400878906
115904,-0.0909804105758667
115968,0.17501617968082428
116032,0.7185945510864258
116096,-1.105648159980774
116160,-0.768255352973938
116224,0.4104965925216675
116288,0.5086737275123596
116352,0.5992575883865356
116416,-1.185161828994751
116480,0.203167125582695
116544,-0.7678952217102051
116608,1.1114470958709717
116672,1.004069209098816
116736,-0.4189971089363098
116800,-0.4468749165534973
116864,-0.00013303756713867188
116928,0.24360433220863342
116992,0.7511165142059326
117056,0.2586078643798828
117120,0.3618777096271515
117184,0.44257721304893494
117248,-0.41631776094436646
117312,0.6564924120903015
117376,0.4992367923259735
117440,0.8070269823074341
117504,0.8004344701766968
117568,-0.25284358859062195
117632,-0.963172197341919
117696,1.025120735168457
117760,-0.3472525477409363
117824,0.9747518301010132
117888,0.12059420347213745
117952,-0.4061411917209625
118016,0.34204599261283875
118080,0.3857642412185669
118144,1.0953503847122192
118208,0.6258946061134338
118272,0.5861243605613708
118336,0.1362009048461914
118400,-0.6261221766471863
118464,0.21852213144302368
118528,-1.1220873594284058
118592,0.10160908848047256
118656,-0.9970337748527527
118720,-0.4219239354133606
118784,-0.29409635066986084
118848,-1.0636041164398193
118912,0.3972327709197998
118976,-0.18065591156482697
119040,0.24259814620018005
119104,-0.9349735975265503
119168,-0.33869338035583496
119232,-0.20807817578315735
119296,0.970662534236908
119360,0.49207645654678345
119424,0.5901580452919006
119488,-0.2562716007232666
119552,0.13054972887039185
119616,-0.3022652566432953
119680,-0.04696441441774368
119744,-0.2547115385532379
119808,-0.4039230942726135
119872,-0.1851068139076233
119936,-0.20450912415981293
120000,-1.4609451293945312
120064,-0.5713701248168945
120128,0.23292288184165955
120192,0.14607581496238708
120256,0.7308076620101929
120320,0.1901191771030426
120384,0.11849215626716614
120448,-0.6104282140731812
120512,0.700513482093811
120576,0.5204479098320007
120640,-1.8302322626113892
120704,-0.29082441329956055
120768,-0.4906854033470154
120832,0.10465288162231445
120896,0.4084082245826721
120960,-0.22120028734207153
121024,0.3007258176803589
121088,-0.7033864855766296
121152,1.4996211528778076
121216,-0.21657708287239075
121280,-0.7366496920585632
121344,-0.2957201600074768
121408,-1.0321069955825806
121472,-0.9583950638771057
121536,0.8157020807266235
121600,0.022138595581054688
121664,-1.2064858675003052
121728,-0.077814981341362
121792,-0.055639952421188354
121856,-0.1840200424194336
121920,0.35020196437835693
121984,-0.565946102142334
122048,0.6043236255645752
122112,-0.6901381611824036
122176,0.969109833240509
122240,-0.8626707792282104
122304,-0.2560991644859314
122368,-1.0245453119277954
122432,-0.45262032747268677
122496,-0.2833554446697235
122560,-0.28833991289138794
122624,1.0126283168792725
122688,0.39004606008529663
122752,-0.6652449369430542
122816,-0.4158765375614166
122880,-0.5057185292243958
122944,-0.7141535878181458
123008,0.33643388748168945
123072,-1.6086554527282715
123136,0.22489982843399048
123200,0.49054276943206787
123264,-0.42915838956832886
123328,0.6178956031799316
123392,-0.10954642295837402
123456,0.03368481993675232
123520,0.32713478803634644
123584,0.08113914728164673
123648,0.9860473275184631
123712,-0.6140927076339722
123776,-0.3028663992881775
123840,0.28480762243270874
123904,-1.0625801086425781
123968,0.5693259239196777
124032,0.5392076969146729
124096,1.0954771041870117
124160,0.24264812469482422
124224,0.16660642623901367
124288,0.5481842756271362
124352,-0.2724054455757141
124416,0.5011574029922485
124480,-0.48561495542526245
124544,0.2313985526561737
124608,-0.4469723403453827
124672,-0.4823979437351227
124736,0.5626863241195679
124800,0.2788805067539215
124864,0.4550783038139343
124928,0.37879908084869385
124992,0.5706552267074585
125056,-0.5944094657897949
125120,-0.7407170534133911
125184,-0.7181318998336792
125248,-0.047996073961257935
125312,0.9734032154083252
125376,0.17606759071350098
125440,0.6570441126823425
125504,0.09879100322723389
125568,0.7267193794250488
125632,1.1965956687927246
125696,-1.3043354749679565
125760,0.27508974075317383
125824,-0.4641120731830597
125888,-0.8424033522605896
125952,-0.03433454781770706
126016,-0.9840571284294128
126080,-1.4158967733383179
126144,-1.5265181064605713
126208,-0.09923553466796875
126272,-0.7997021675109863
126336,0.8373154401779175
126400,0.6207513809204102
126464,-0.43590086698532104
126528,-0.49396246671676636
126592,0.7206122875213623
126656,-1.035675048828125
126720,-0.18742428719997406
126784,0.12397697567939758
126848,1.0442992448806763
126912,0.025456853210926056
126976,0.835284948348999
127040,0.1550585925579071
127104,-0.15474171936511993
127168,0.4316805303096771
127232,-1.0103150606155396
127296,-0.5348954200744629
127360,-0.8482367992401123
127424,-0.8008841872215271
127488,0.4905910789966583
127552,-0.5002018213272095
127616,-0.36421117186546326
127680,0.5927952527999878
127744,0.49536603689193726
127808,0.4003483057022095
127872,0.6820962429046631
127936,-0.43928107619285583
128000,0.1975424885749817
128064,0.15232118964195251
128128,0.7003129720687866
128192,-0.684120774269104
128256,0.22214701771736145
128320,-0.4268183708190918
128384,0.5211166739463806
128448,0.41886937618255615
128512,-0.04691202938556671
128576,0.06672385334968567
128640,-0.2752751410007477
128704,-0.7159562110900879
128768,0.03668646514415741
128832,-0.3737105429172516
128896,1.3943930864334106
128960,0.5101058483123779
129024,-0.05158137530088425
129088,-0.5013362169265747
129152,-0.9516535997390747
129216,-0.4470266103744507
129280,-0.33636578917503357
129344,-0.2067534476518631
129408,-0.43996763229370117
129472,0.29462453722953796
129536,-0.23720131814479828
129600,-0.24359822273254395
129664,-0.5308707356452942
129728,-0.6778428554534912
129792,-0.3549683094024658
129856,0.4552431106567383
129920,0.2185513973236084
129984,-0.21376505494117737
130048,0.352959007024765
130112,-0.2460852861404419
130176,0.40307581424713135
130240,0.4905356168746948
130304,1.8888887166976929
130368,0.9847627878189087
130432,1.160470724105835
130496,0.05587334930896759
130560,-0.4439113736152649
130624,-0.5919420123100281
130688,0.5683342814445496
130752,-0.9962866902351379
130816,0.3089888095855713
130880,0.37290048599243164
130944,-0.7378848791122437
131008,0.2283647656440735
131072,0.2521698474884033
131136,-0.4843544363975525
131200,-0.040732815861701965
131264,0.8794651627540588
131328,-1.181705117225647
131392,1.078566312789917
131456,0.2499009370803833
131520,0.24040457606315613
131584,0.21192416548728943
131648,-0.3323413133621216
131712,-0.6270771622657776
131776,-0.43991655111312866
131840,0.15500059723854065
131904,-0.23733769357204437
131968,-0.31880608201026917
132032,-0.2273271083831787
132096,-0.2206909954547882
132160,-0.007400780916213989
132224,1.2010353803634644
132288,-0.24293223023414612
132352,-0.602175235748291
132416,1.264819860458374
132480,0.6745664477348328
132544,0.19807127118110657
132608,-1.0980596542358398
132672,-0.28341585397720337
132736,-0.6665667295455933
132800,-0.22735676169395447
132864,-1.0005979537963867
132928,0.44140779972076416
132992,-0.375459760427475
133056,0.22620636224746704
133120,-0.10957803577184677
133184,0.43208613991737366
133248,0.551510214805603
133312,-0.3257773518562317
133376,-1.0005390644073486
133440,0.9457448720932007
133504,-0.094967782497406
133568,0.26197564601898193
133632,-0.344465434551239
133696,-0.09098459035158157
133760,0.07218925654888153
133824,-1.0936775207519531
133888,-0.37020859122276306
133952,-0.6744755506515503
134016,1.2093273401260376
134080,0.767145574092865
134144,-0.16832183301448822
134208,0.12918394804000854
134272,0.1470041126012802
134336,-0.6231070160865784
134400,0.029766082763671875
134464,0.20621201395988464
134528,-0.23725293576717377
134592,0.23407579958438873
134656,-0.20957428216934204
134720,0.7514334917068481
134784,-0.5034681558609009
134848,0.4839836657047272
134912,-0.9028806686401367
134976,-0.9385285377502441
135040,0.33370789885520935
135104,0.845393180847168
135168,0.5094357132911682
135232,0.01219923049211502
135296,-0.22530312836170197
135360,1.1281439065933228
135424,-0.1945648193359375
135488,-0.21510246396064758
135552,-0.3161346912384033
135616,0.037789762020111084
135680,0.0751066505908966
135744,0.17957836389541626
135808,0.6358078122138977
135872,-0.6010626554489136
135936,-0.5371252298355103
136000,0.25333741307258606
136064,-0.707001805305481
136128,-0.23484821617603302
136192,0.49539148807525635
136256,-0.9199489951133728
136320,-0.7884221076965332
136384,0.31732499599456787
136448,-0.5070544481277466
136512,0.5535295009613037
136576,0.6372077465057373
136640,0.18410593271255493
136704,0.08681534230709076
136768,0.9010583162307739
136832,-0.7513275742530823
136896,0.13951659202575684
136960,-1.0174046754837036
137024,-0.1885104924440384
137088,-1.4472886323928833
137152,-0.023399025201797485
137216,-0.4147464632987976
137280,0.32545414566993713
137344,0.7905579209327698
137408,-0.38589781522750854
137472,-0.5955628156661987
137536,-0.6781745553016663
137600,-0.0896918848156929
137664,-0.7932037711143494
137728,0.6607269048690796
137792,1.1483988761901855
137856,0.453352689743042
137920,-0.4978630244731903
137984,0.16232211887836456
138048,0.07138074934482574
138112,0.4124823808670044
138176,-0.22293511033058167
138240,-0.16872330009937286
138304,1.734010934829712
138368,-0.2192641794681549
138432,1.0173850059509277
138496,0.2844656705856323
138560,0.6093188524246216
138624,0.11741980910301208
138688,0.13908150792121887
138752,-0.38136187195777893
138816,0.469512015581131
138880,0.21402837336063385
138944,-0.18264222145080566
139008,0.524643063545227
139072,-1.2478296756744385
139136,-0.07201946526765823
139200,-0.006526857614517212
139264,-0.93979811668396
139328,1.60320246219635
139392,0.33470290899276733
139456,-0.02858702838420868
139520,0.09569507092237473
139584,0.2758561670780182
139648,1.402123212814331
139712,1.5713534355163574
139776,0.5914700031280518
139840,0.6786999702453613
139904,0.15158800780773163
139968,0.2053847312927246
140032,1.525282621383667
140096,0.5674105286598206
140160,-0.9399154186248779
140224,0.3801109790802002
140288,1.1375718116760254
140352,1.121171236038208
140416,0.2584238350391388
140480,0.11166352033615112
140544,-0.21482360363006592
140608,0.5233380198478699
140672,0.00569501519203186
140736,-0.3706742823123932
140800,0.07023248076438904
140864,0.6879554390907288
140928,-0.7424989342689514
140992,-0.7060987949371338
141056,-0.32982465624809265
141120,-0.025004416704177856
141184,1.099525809288025
141248,-0.22512494027614594
141312,0.673249363899231
141376,0.6052695512771606
141440,0.7624713182449341
141504,0.6346919536590576
141568,-1.1679245233535767
141632,0.5736865401268005
141696,0.6767405271530151
141760,0.6308193206787109
141824,0.22709615528583527
141888,-0.017838478088378906
141952,0.11424635350704193
142016,0.9369194507598877
142080,-0.4874632954597473
142144,0.37458550930023193
142208,-1.5553289651870728
142272,-0.6098839044570923
142336,0.6173090934753418
142400,-0.9618436098098755
142464,0.7791796922683716
142528,-0.21523672342300415
142592,0.26536446809768677
142656,0.12292809784412384
142720,0.3364255428314209
142784,1.2746585607528687
142848,-1.885847806930542
142912,-0.7069507241249084
142976,-0.2168399691581726
143040,0.6350383758544922
143104,-0.28283506631851196
143168,0.5704439282417297
143232,-0.5921399593353271
143296,0.36599475145339966
143360,0.7975400686264038
143424,-0.21800103783607483
143488,-0.3412990868091583
143552,-0.11932380497455597
143616,0.3432807922363281
143680,0.33238667249679565
143744,0.5199836492538452
143808,0.6814717650413513
143872,0.7744180560112
143936,-0.25657397508621216
144000,1.0066063404083252
144064,-1.2422596216201782
144128,-0.5473101735115051
144192,-0.6408557295799255
144256,0.6245529055595398
144320,-0.5021623373031616
144384,-1.2696772813796997
144448,-0.110012948513031
144512,0.5240308046340942
144576,0.10101412236690521
144640,1.2334941625595093
144704,0.16505512595176697
144768,0.6898936033248901
144832,0.37778282165527344
144896,1.6928424835205078
144960,-0.025498002767562866
145024,1.0514028072357178
145088,0.34035301208496094
145152,-0.46748027205467224
145216,-0.7638254761695862
145280,-0.016163170337677002
145344,0.8395416736602783
145408,-0.020609110593795776
145472,1.1948862075805664
145536,0.07415413111448288
145600,-0.49829423427581787
145664,-0.1047636866569519
145728,-0.41398748755455017
145792,-0.510076105594635
145856,-0.13057875633239746
145920,-0.7227298021316528
145984,0.11200730502605438
146048,-0.1009470522403717
146112,-0.12582767009735107
146176,-0.2932055592536926
146240,0.05089101195335388
146304,-0.4613337218761444
146368,0.24505886435508728
146432,0.2951924204826355
146496,0.6011078357696533
146560,0.2536957263946533
146624,-0.2314583659172058
146688,-0.21248164772987366
146752,0.4895849823951721
146816,-0.5697176456451416
146880,0.17305928468704224
146944,0.08786535263061523
147008,0.47650158405303955
147072,0.17895099520683289
147136,1.0236892700195312
147200,0.0360599160194397
147264,1.822638750076294
147328,-0.6535915732383728
147392,-0.7145335078239441
147456,-0.7809794545173645
147520,1.2769948244094849
147584,-0.729339599609375
147648,1.2302687168121338
147712,0.395967960357666
147776,0.7733212113380432
147840,0.8416208028793335
147904,0.38590869307518005
147968,-0.11341828107833862
148032,0.8359339237213135
148096,0.7580203413963318
148160,0.6438252329826355
148224,0.33928290009498596
148288,-0.9415913820266724
148352,1.3177385330200195
148416,-0.653583824634552
148480,-0.8929955959320068
148544,0.46368271112442017
148608,-0.14737990498542786
148672,0.610907256603241
148736,0.10441257059574127
148800,-1.1873646974563599
148864,-0.26757657527923584
148928,-0.880245566368103
148992,-0.618183434009552
149056,1.1654094457626343
149120,-1.1172741651535034
149184,-0.2294914573431015
149248,0.03265824913978577
149312,1.4814156293869019
149376,1.0265597105026245
149440,-0.7411288022994995
149504,-0.5023858547210693
149568,-0.20382560789585114
149632,-0.06474126875400543
149696,-0.7261906266212463
149760,-0.285114586353302
149824,0.1807536482810974
149888,-0.8346337080001831
149952,-0.4980771839618683
150016,-0.0678829550743103
